"","fips","REGION","DIVISION","CENSUS2010POP","population"
"1","01001",3,6,54571,55601
"2","01003",3,6,182265,218022
"3","01005",3,6,27457,24881
"4","01007",3,6,22915,22400
"5","01009",3,6,57322,57840
"6","01011",3,6,10914,10138
"7","01013",3,6,20947,19680
"8","01015",3,6,118572,114277
"9","01017",3,6,34215,33615
"10","01019",3,6,25989,26032
"11","01021",3,6,43643,44153
"12","01023",3,6,13859,12841
"13","01025",3,6,25833,23920
"14","01027",3,6,13932,13275
"15","01029",3,6,14972,14987
"16","01031",3,6,49948,51909
"17","01033",3,6,54428,54762
"18","01035",3,6,13228,12277
"19","01037",3,6,11539,10715
"20","01039",3,6,37765,36986
"21","01041",3,6,13906,13824
"22","01043",3,6,80406,83442
"23","01045",3,6,50251,48956
"24","01047",3,6,43820,38310
"25","01049",3,6,71109,71385
"26","01051",3,6,79303,81887
"27","01053",3,6,38319,36748
"28","01055",3,6,104430,102501
"29","01057",3,6,17241,16433
"30","01059",3,6,31704,31363
"31","01061",3,6,26790,26314
"32","01063",3,6,9045,8233
"33","01065",3,6,15760,14726
"34","01067",3,6,17302,17209
"35","01069",3,6,101547,104722
"36","01071",3,6,53227,51736
"37","01073",3,6,658466,659300
"38","01075",3,6,14564,13844
"39","01077",3,6,92709,92387
"40","01079",3,6,34339,32957
"41","01081",3,6,140247,163941
"42","01083",3,6,82782,96174
"43","01085",3,6,11299,9974
"44","01087",3,6,21452,18439
"45","01089",3,6,334811,366519
"46","01091",3,6,21027,19066
"47","01093",3,6,30776,29763
"48","01095",3,6,93019,96109
"49","01097",3,6,412992,413757
"50","01099",3,6,23068,21067
"51","01101",3,6,229363,225763
"52","01103",3,6,119490,119089
"53","01105",3,6,10591,9140
"54","01107",3,6,19746,19938
"55","01109",3,6,32899,33338
"56","01111",3,6,22913,22725
"57","01113",3,6,52947,57781
"58","01115",3,6,83593,88690
"59","01117",3,6,195085,215707
"60","01119",3,6,13763,12691
"61","01121",3,6,82291,79828
"62","01123",3,6,41616,40497
"63","01125",3,6,194656,208911
"64","01127",3,6,67023,63711
"65","01129",3,6,17581,16378
"66","01131",3,6,11670,10627
"67","01133",3,6,24484,23660
"68","02013",4,9,3141,3515
"69","02016",4,9,5561,5723
"70","02020",4,9,291826,291538
"71","02050",4,9,17013,18216
"72","02060",4,9,997,877
"73","02068",4,9,1826,2059
"74","02070",4,9,4847,5000
"75","02090",4,9,97581,98971
"76","02100",4,9,2508,2474
"77","02105",4,9,2150,2151
"78","02110",4,9,31275,32113
"79","02122",4,9,55400,58533
"80","02130",4,9,13477,13918
"81","02150",4,9,13592,13345
"82","02158",4,9,7459,8303
"83","02164",4,9,1631,1587
"84","02170",4,9,88995,107610
"85","02180",4,9,9492,10008
"86","02185",4,9,9430,9872
"87","02188",4,9,7523,7671
"88","02195",4,9,3815,3221
"89","02198",4,9,5559,6422
"90","02220",4,9,8881,8647
"91","02230",4,9,968,1148
"92","02240",4,9,7029,6918
"93","02261",4,9,9636,9164
"94","02275",4,9,2369,2503
"95","02282",4,9,662,604
"96","02290",4,9,5588,5327
"97","04001",4,8,71518,71818
"98","04003",4,8,131346,126770
"99","04005",4,8,134421,142854
"100","04007",4,8,53597,53889
"101","04009",4,8,37220,38072
"102","04011",4,8,8437,9483
"103","04012",4,8,20489,21098
"104","04013",4,8,3817117,4410824
"105","04015",4,8,200186,209550
"106","04017",4,8,107449,110445
"107","04019",4,8,980263,1039073
"108","04021",4,8,375770,447138
"109","04023",4,8,47420,46511
"110","04025",4,8,211033,231993
"111","04027",4,8,195751,212128
"112","05001",3,7,19019,17769
"113","05003",3,7,21853,20046
"114","05005",3,7,41513,41619
"115","05007",3,7,221339,272608
"116","05009",3,7,36903,37480
"117","05011",3,7,11508,10897
"118","05013",3,7,5368,5277
"119","05015",3,7,27446,28223
"120","05017",3,7,11800,10438
"121","05019",3,7,22995,22061
"122","05021",3,7,16083,14847
"123","05023",3,7,25970,24965
"124","05025",3,7,8689,8018
"125","05027",3,7,24552,23537
"126","05029",3,7,21273,20891
"127","05031",3,7,96443,108558
"128","05033",3,7,61948,63406
"129","05035",3,7,50902,48342
"130","05037",3,7,17870,16676
"131","05039",3,7,8116,7182
"132","05041",3,7,13008,11512
"133","05043",3,7,18509,18328
"134","05045",3,7,113237,124806
"135","05047",3,7,18125,17810
"136","05049",3,7,12245,12269
"137","05051",3,7,96024,99154
"138","05053",3,7,17853,18188
"139","05055",3,7,42090,45325
"140","05057",3,7,22609,21741
"141","05059",3,7,32923,33701
"142","05061",3,7,13789,13341
"143","05063",3,7,36647,37678
"144","05065",3,7,13696,13593
"145","05067",3,7,17997,16811
"146","05069",3,7,77435,68114
"147","05071",3,7,25540,26742
"148","05073",3,7,7645,6682
"149","05075",3,7,17415,16434
"150","05077",3,7,10424,8985
"151","05079",3,7,14134,13383
"152","05081",3,7,13171,12326
"153","05083",3,7,22353,21737
"154","05085",3,7,68356,73657
"155","05087",3,7,15717,16481
"156","05089",3,7,16653,16722
"157","05091",3,7,43462,43592
"158","05093",3,7,46480,41239
"159","05095",3,7,8149,6900
"160","05097",3,7,9487,8924
"161","05099",3,7,8997,8326
"162","05101",3,7,8330,7805
"163","05103",3,7,26120,23606
"164","05105",3,7,10445,10352
"165","05107",3,7,21757,18029
"166","05109",3,7,11291,10673
"167","05111",3,7,24583,23974
"168","05113",3,7,20662,20049
"169","05115",3,7,61754,64000
"170","05117",3,7,8715,8074
"171","05119",3,7,382748,392680
"172","05121",3,7,17969,17948
"173","05123",3,7,28258,25439
"174","05125",3,7,107118,121421
"175","05127",3,7,11233,10319
"176","05129",3,7,8195,7958
"177","05131",3,7,125744,127753
"178","05133",3,7,17058,17139
"179","05135",3,7,17264,17366
"180","05137",3,7,12394,12457
"181","05139",3,7,41639,39126
"182","05141",3,7,17295,16603
"183","05143",3,7,203065,236961
"184","05145",3,7,77076,78727
"185","05147",3,7,7260,6490
"186","05149",3,7,22185,21535
"187","06001",4,9,1510271,1666753
"188","06003",4,9,1175,1101
"189","06005",4,9,38091,39383
"190","06007",4,9,220000,231256
"191","06009",4,9,45578,45602
"192","06011",4,9,21419,21627
"193","06013",4,9,1049025,1150215
"194","06015",4,9,28610,27828
"195","06017",4,9,181058,190678
"196","06019",4,9,930450,994400
"197","06021",4,9,28122,28047
"198","06023",4,9,134623,136373
"199","06025",4,9,174528,181827
"200","06027",4,9,18546,17987
"201","06029",4,9,839631,896764
"202","06031",4,9,152982,151366
"203","06033",4,9,64665,64382
"204","06035",4,9,34895,30802
"205","06037",4,9,9818605,10105518
"206","06039",4,9,150865,157672
"207","06041",4,9,252409,259666
"208","06043",4,9,18251,17471
"209","06045",4,9,87841,87606
"210","06047",4,9,255793,274765
"211","06049",4,9,9686,8777
"212","06051",4,9,14202,14250
"213","06053",4,9,415057,435594
"214","06055",4,9,136484,139417
"215","06057",4,9,98764,99696
"216","06059",4,9,3010232,3185968
"217","06061",4,9,348432,393149
"218","06063",4,9,20007,18804
"219","06065",4,9,2189641,2450758
"220","06067",4,9,1418788,1540975
"221","06069",4,9,55269,61537
"222","06071",4,9,2035210,2171603
"223","06073",4,9,3095313,3343364
"224","06075",4,9,805235,883305
"225","06077",4,9,685306,752660
"226","06079",4,9,269637,284010
"227","06081",4,9,718451,769545
"228","06083",4,9,423895,446527
"229","06085",4,9,1781642,1937570
"230","06087",4,9,262382,274255
"231","06089",4,9,177223,180040
"232","06091",4,9,3240,2987
"233","06093",4,9,44900,43724
"234","06095",4,9,413344,446610
"235","06097",4,9,483878,499942
"236","06099",4,9,514453,549815
"237","06101",4,9,94737,96807
"238","06103",4,9,63463,63916
"239","06105",4,9,13786,12535
"240","06107",4,9,442179,465861
"241","06109",4,9,55365,54539
"242","06111",4,9,823318,850967
"243","06113",4,9,200849,220408
"244","06115",4,9,72155,78041
"245","08001",4,8,441603,511868
"246","08003",4,8,15445,16683
"247","08005",4,8,572003,651215
"248","08007",4,8,12084,13765
"249","08009",4,8,3788,3585
"250","08011",4,8,6499,5882
"251","08013",4,8,294567,326078
"252","08014",4,8,55889,69267
"253","08015",4,8,17809,20027
"254","08017",4,8,1836,1876
"255","08019",4,8,9088,9605
"256","08021",4,8,8256,8200
"257","08023",4,8,3524,3828
"258","08025",4,8,5823,5858
"259","08027",4,8,4255,4954
"260","08029",4,8,30952,30953
"261","08031",4,8,600158,716492
"262","08033",4,8,2064,2074
"263","08035",4,8,285465,342776
"264","08037",4,8,52197,54993
"265","08039",4,8,23086,26282
"266","08041",4,8,622263,713856
"267","08043",4,8,46824,48021
"268","08045",4,8,56389,59770
"269","08047",4,8,5441,6121
"270","08049",4,8,14843,15525
"271","08051",4,8,15324,17246
"272","08053",4,8,843,811
"273","08055",4,8,6711,6889
"274","08057",4,8,1394,1399
"275","08059",4,8,534543,580233
"276","08061",4,8,1398,1383
"277","08063",4,8,8270,7163
"278","08065",4,8,7310,7824
"279","08067",4,8,51334,56310
"280","08069",4,8,299630,350518
"281","08071",4,8,15507,14503
"282","08073",4,8,5467,5610
"283","08075",4,8,22709,21528
"284","08077",4,8,146723,153207
"285","08079",4,8,712,776
"286","08081",4,8,13795,13188
"287","08083",4,8,25535,26158
"288","08085",4,8,41276,42214
"289","08087",4,8,28159,28558
"290","08089",4,8,18831,18432
"291","08091",4,8,4436,4833
"292","08093",4,8,16206,18556
"293","08095",4,8,4442,4286
"294","08097",4,8,17148,17950
"295","08099",4,8,12551,12164
"296","08101",4,8,159063,167529
"297","08103",4,8,6666,6336
"298","08105",4,8,11982,11250
"299","08107",4,8,23509,25733
"300","08109",4,8,6108,6843
"301","08111",4,8,699,762
"302","08113",4,8,7359,8191
"303","08115",4,8,2379,2303
"304","08117",4,8,27994,31007
"305","08119",4,8,23350,25083
"306","08121",4,8,4814,4909
"307","08123",4,8,252825,314305
"308","08125",4,8,10043,10020
"309","09001",1,1,916829,943823
"310","09003",1,1,894014,892697
"311","09005",1,1,189927,181111
"312","09007",1,1,165676,162682
"313","09009",1,1,862477,857620
"314","09011",1,1,274055,266784
"315","09013",1,1,152691,150921
"316","09015",1,1,118428,117027
"317","10001",3,5,162310,178550
"318","10003",3,5,538479,559335
"319","10005",3,5,197145,229286
"320","11001",3,5,601723,702455
"321","12001",3,5,247336,269956
"322","12003",3,5,27115,28355
"323","12005",3,5,168852,185287
"324","12007",3,5,28520,27732
"325","12009",3,5,543376,596849
"326","12011",3,5,1748066,1951260
"327","12013",3,5,14625,14587
"328","12015",3,5,159978,184998
"329","12017",3,5,141236,147929
"330","12019",3,5,190865,216072
"331","12021",3,5,321520,378488
"332","12023",3,5,67531,70503
"333","12027",3,5,34862,37489
"334","12029",3,5,16422,16700
"335","12031",3,5,864263,950181
"336","12033",3,5,297619,315534
"337","12035",3,5,95696,112067
"338","12037",3,5,11549,11736
"339","12039",3,5,46389,45894
"340","12041",3,5,16939,18256
"341","12043",3,5,12884,13724
"342","12045",3,5,15863,16164
"343","12047",3,5,14799,14310
"344","12049",3,5,27731,27245
"345","12051",3,5,39140,41556
"346","12053",3,5,172778,190865
"347","12055",3,5,98786,105424
"348","12057",3,5,1229226,1436888
"349","12059",3,5,19927,19477
"350","12061",3,5,138028,157413
"351","12063",3,5,49746,48305
"352","12065",3,5,14761,14288
"353","12067",3,5,8870,8732
"354","12069",3,5,297052,356495
"355","12071",3,5,618754,754610
"356","12073",3,5,275487,292502
"357","12075",3,5,40801,40770
"358","12077",3,5,8365,8457
"359","12079",3,5,19224,18529
"360","12081",3,5,322833,394855
"361","12083",3,5,331298,359977
"362","12085",3,5,146318,160912
"363","12086",3,5,2496435,2761581
"364","12087",3,5,73090,75027
"365","12089",3,5,73314,85832
"366","12091",3,5,180822,207269
"367","12093",3,5,39996,41537
"368","12095",3,5,1145956,1380645
"369","12097",3,5,268685,367990
"370","12099",3,5,1320134,1485941
"371","12101",3,5,464697,539630
"372","12103",3,5,916542,975280
"373","12105",3,5,602095,708009
"374","12107",3,5,74364,74163
"375","12109",3,5,190039,254261
"376","12111",3,5,277789,321128
"377","12113",3,5,151372,179349
"378","12115",3,5,379448,426718
"379","12117",3,5,422718,467832
"380","12119",3,5,93420,128754
"381","12121",3,5,41551,44191
"382","12123",3,5,22570,21623
"383","12125",3,5,15535,14940
"384","12127",3,5,494593,547538
"385","12129",3,5,30776,32461
"386","12131",3,5,55043,71375
"387","12133",3,5,24896,24880
"388","13001",3,5,18236,18507
"389","13003",3,5,8375,8297
"390","13005",3,5,11096,11185
"391","13007",3,5,3451,3092
"392","13009",3,5,45720,44823
"393","13011",3,5,18395,18988
"394","13013",3,5,69367,80809
"395","13015",3,5,100157,106408
"396","13017",3,5,17634,16787
"397","13019",3,5,19286,19252
"398","13021",3,5,155547,153095
"399","13023",3,5,13063,12838
"400","13025",3,5,18411,18897
"401","13027",3,5,16243,15513
"402","13029",3,5,30233,38109
"403","13031",3,5,70217,77296
"404","13033",3,5,23316,22423
"405","13035",3,5,23655,24193
"406","13037",3,5,6694,6352
"407","13039",3,5,50513,53677
"408","13043",3,5,10998,10836
"409","13045",3,5,110527,118121
"410","13047",3,5,63942,67420
"411","13049",3,5,12171,12968
"412","13051",3,5,265128,289195
"413","13053",3,5,11267,10684
"414","13055",3,5,26015,24790
"415","13057",3,5,214346,254149
"416","13059",3,5,116714,127330
"417","13061",3,5,3183,2887
"418","13063",3,5,259424,289615
"419","13065",3,5,6798,6648
"420","13067",3,5,688078,756865
"421","13069",3,5,42356,43093
"422","13071",3,5,45498,45592
"423","13073",3,5,124053,154291
"424","13075",3,5,17212,17162
"425","13077",3,5,127317,145864
"426","13079",3,5,12630,12318
"427","13081",3,5,23439,22601
"428","13083",3,5,16633,16226
"429","13085",3,5,22330,25083
"430","13087",3,5,27842,26575
"431","13089",3,5,691893,756558
"432","13091",3,5,21796,20705
"433","13093",3,5,14918,13706
"434","13095",3,5,94565,91243
"435","13097",3,5,132403,145331
"436","13099",3,5,11008,10247
"437","13101",3,5,4034,4000
"438","13103",3,5,52250,62190
"439","13105",3,5,20166,19120
"440","13107",3,5,22598,22612
"441","13109",3,5,11000,10721
"442","13111",3,5,23682,25964
"443","13113",3,5,106567,113459
"444","13115",3,5,96317,97927
"445","13117",3,5,175511,236612
"446","13119",3,5,22084,23023
"447","13121",3,5,920581,1050114
"448","13123",3,5,28292,30816
"449","13125",3,5,3082,2995
"450","13127",3,5,79626,85219
"451","13129",3,5,55186,57685
"452","13131",3,5,25011,24748
"453","13133",3,5,15994,17698
"454","13135",3,5,805321,927781
"455","13137",3,5,43041,45388
"456","13139",3,5,179684,202148
"457","13141",3,5,9429,8348
"458","13143",3,5,28780,29533
"459","13145",3,5,32024,34475
"460","13147",3,5,25213,26099
"461","13149",3,5,11834,11879
"462","13151",3,5,203922,230220
"463","13153",3,5,139900,155469
"464","13155",3,5,9538,9398
"465","13157",3,5,60485,70422
"466","13159",3,5,13900,14040
"467","13161",3,5,15068,15029
"468","13163",3,5,16930,15430
"469","13165",3,5,8340,8683
"470","13167",3,5,9980,9708
"471","13169",3,5,28669,28616
"472","13171",3,5,18317,19000
"473","13173",3,5,10078,10340
"474","13175",3,5,48434,47325
"475","13177",3,5,28298,29764
"476","13179",3,5,63453,61497
"477","13181",3,5,7996,7915
"478","13183",3,5,14464,18998
"479","13185",3,5,109233,116321
"480","13187",3,5,29966,32955
"481","13189",3,5,21875,21531
"482","13191",3,5,14333,14340
"483","13193",3,5,14740,13143
"484","13195",3,5,28120,29650
"485","13197",3,5,8742,8351
"486","13199",3,5,21992,21068
"487","13201",3,5,6125,5686
"488","13205",3,5,23498,22192
"489","13207",3,5,26424,27520
"490","13209",3,5,9123,9193
"491","13211",3,5,17868,18853
"492","13213",3,5,39628,39921
"493","13215",3,5,189885,194160
"494","13217",3,5,99958,109541
"495","13219",3,5,32808,39272
"496","13221",3,5,14899,15054
"497","13223",3,5,142324,164044
"498","13225",3,5,27695,27297
"499","13227",3,5,29431,31980
"500","13229",3,5,18758,19389
"501","13231",3,5,17869,18634
"502","13233",3,5,41475,42470
"503","13235",3,5,12010,11069
"504","13237",3,5,21218,21809
"505","13239",3,5,2513,2279
"506","13241",3,5,16276,16867
"507","13243",3,5,7719,6833
"508","13245",3,5,200549,201554
"509","13247",3,5,85215,90594
"510","13249",3,5,5010,5236
"511","13251",3,5,14593,13938
"512","13253",3,5,8729,8315
"513","13255",3,5,64073,66100
"514","13257",3,5,26175,26035
"515","13259",3,5,6058,6199
"516","13261",3,5,32819,29733
"517","13263",3,5,6865,6272
"518","13265",3,5,1717,1608
"519","13267",3,5,25520,25391
"520","13269",3,5,8906,8039
"521","13271",3,5,16500,15876
"522","13273",3,5,9315,8611
"523","13275",3,5,44720,44448
"524","13277",3,5,40118,40571
"525","13279",3,5,27223,26887
"526","13281",3,5,10471,11852
"527","13283",3,5,6885,6809
"528","13285",3,5,67044,70034
"529","13287",3,5,8930,7912
"530","13289",3,5,9023,8188
"531","13291",3,5,21356,24001
"532","13293",3,5,27153,26215
"533","13295",3,5,68756,69410
"534","13297",3,5,83768,93503
"535","13299",3,5,36312,35680
"536","13301",3,5,5834,5251
"537","13303",3,5,21187,20386
"538","13305",3,5,30099,29808
"539","13307",3,5,2799,2611
"540","13309",3,5,7421,7879
"541","13311",3,5,27144,29970
"542","13313",3,5,102599,104062
"543","13315",3,5,9255,8812
"544","13317",3,5,10593,9876
"545","13319",3,5,9563,9036
"546","13321",3,5,21679,20299
"547","15001",4,9,185079,200983
"548","15003",4,9,953207,980080
"549","15005",4,9,90,88
"550","15007",4,9,67091,72133
"551","15009",4,9,154834,167207
"552","16001",4,8,392365,469966
"553","16003",4,8,3976,4250
"554","16005",4,8,82839,87138
"555","16007",4,8,5986,6050
"556","16009",4,8,9285,9226
"557","16011",4,8,45607,46236
"558","16013",4,8,21376,22601
"559","16015",4,8,7028,7634
"560","16017",4,8,40877,44727
"561","16019",4,8,104234,116854
"562","16021",4,8,10972,11948
"563","16023",4,8,2891,2611
"564","16025",4,8,1117,1127
"565","16027",4,8,188923,223499
"566","16029",4,8,6963,7060
"567","16031",4,8,22952,23864
"568","16033",4,8,982,852
"569","16035",4,8,8761,8758
"570","16037",4,8,4368,4280
"571","16039",4,8,27038,27259
"572","16041",4,8,12786,13726
"573","16043",4,8,13242,13168
"574","16045",4,8,16719,17634
"575","16047",4,8,15464,15196
"576","16049",4,8,16267,16513
"577","16051",4,8,26140,29439
"578","16053",4,8,22374,24015
"579","16055",4,8,138494,161505
"580","16057",4,8,37244,40134
"581","16059",4,8,7936,7961
"582","16061",4,8,3821,3861
"583","16063",4,8,5208,5360
"584","16065",4,8,37536,39304
"585","16067",4,8,20069,20825
"586","16069",4,8,39265,40408
"587","16071",4,8,4286,4488
"588","16073",4,8,11526,11693
"589","16075",4,8,22623,23551
"590","16077",4,8,7817,7768
"591","16079",4,8,12765,12796
"592","16081",4,8,10170,11640
"593","16083",4,8,77230,86081
"594","16085",4,8,9862,11041
"595","16087",4,8,10198,10161
"596","17001",2,3,67103,65691
"597","17003",2,3,8238,6060
"598","17005",2,3,17768,16630
"599","17007",2,3,54165,53577
"600","17009",2,3,6937,6556
"601","17011",2,3,34978,32993
"602","17013",2,3,5089,4802
"603","17015",2,3,15387,14312
"604","17017",2,3,13642,12260
"605","17019",2,3,201081,209983
"606","17021",2,3,34800,32661
"607","17023",2,3,16335,15596
"608","17025",2,3,13815,13253
"609","17027",2,3,37762,37639
"610","17029",2,3,53873,50885
"611","17031",2,3,5194675,5180493
"612","17033",2,3,19817,18807
"613","17035",2,3,11048,10808
"614","17037",2,3,105160,104143
"615","17039",2,3,16561,15769
"616","17041",2,3,19980,19479
"617","17043",2,3,916924,928589
"618","17045",2,3,18576,17360
"619","17047",2,3,6721,6392
"620","17049",2,3,34242,34208
"621","17051",2,3,22140,21416
"622","17053",2,3,14081,13264
"623","17055",2,3,39561,38701
"624","17057",2,3,37069,34844
"625","17059",2,3,5589,5058
"626","17061",2,3,13886,13044
"627","17063",2,3,50063,50972
"628","17065",2,3,8457,8163
"629","17067",2,3,19104,17844
"630","17069",2,3,4320,3910
"631","17071",2,3,7331,6709
"632","17073",2,3,50486,49090
"633","17075",2,3,29718,27604
"634","17077",2,3,60218,57419
"635","17079",2,3,9698,9611
"636","17081",2,3,38827,37820
"637","17083",2,3,22985,21847
"638","17085",2,3,22678,21366
"639","17087",2,3,12582,12456
"640","17089",2,3,515269,534216
"641","17091",2,3,113449,110024
"642","17093",2,3,114736,127915
"643","17095",2,3,52919,50112
"644","17097",2,3,703462,700832
"645","17099",2,3,113924,109430
"646","17101",2,3,16833,15765
"647","17103",2,3,36031,34223
"648","17105",2,3,38950,35761
"649","17107",2,3,30305,28925
"650","17109",2,3,32612,29955
"651","17111",2,3,308760,308570
"652","17113",2,3,169572,172828
"653","17115",2,3,110768,104712
"654","17117",2,3,47765,45313
"655","17119",2,3,269282,264461
"656","17121",2,3,39437,37620
"657","17123",2,3,12640,11534
"658","17125",2,3,14666,13565
"659","17127",2,3,15429,14080
"660","17129",2,3,12705,12288
"661","17131",2,3,16434,15601
"662","17133",2,3,32957,34335
"663","17135",2,3,30104,28601
"664","17137",2,3,35547,33976
"665","17139",2,3,14846,14717
"666","17141",2,3,53497,50923
"667","17143",2,3,186494,180621
"668","17145",2,3,22350,21174
"669","17147",2,3,16729,16396
"670","17149",2,3,16430,15611
"671","17151",2,3,4470,4212
"672","17153",2,3,6161,5463
"673","17155",2,3,6006,5740
"674","17157",2,3,33476,32106
"675","17159",2,3,16233,15763
"676","17161",2,3,147546,143477
"677","17163",2,3,270056,261059
"678","17165",2,3,24913,23906
"679","17167",2,3,197465,195348
"680","17169",2,3,7544,6907
"681","17171",2,3,5355,4926
"682","17173",2,3,22363,21741
"683","17175",2,3,5994,5427
"684","17177",2,3,47711,44753
"685","17179",2,3,135394,132328
"686","17181",2,3,17808,16841
"687","17183",2,3,81625,76806
"688","17185",2,3,11947,11549
"689","17187",2,3,17707,17032
"690","17189",2,3,14716,13995
"691","17191",2,3,16760,16332
"692","17193",2,3,14665,13665
"693","17195",2,3,58498,55626
"694","17197",2,3,677560,692310
"695","17199",2,3,66357,67056
"696","17201",2,3,295266,284081
"697","17203",2,3,38664,38463
"698","18001",2,3,34387,35636
"699","18003",2,3,355329,375351
"700","18005",2,3,76794,82753
"701","18007",2,3,8854,8653
"702","18009",2,3,12766,11930
"703","18011",2,3,56640,66999
"704","18013",2,3,15242,15234
"705","18015",2,3,20155,20127
"706","18017",2,3,38966,37955
"707","18019",2,3,110232,117360
"708","18021",2,3,26890,26170
"709","18023",2,3,33224,32250
"710","18025",2,3,10713,10558
"711","18027",2,3,31648,33147
"712","18029",2,3,50047,49568
"713","18031",2,3,25740,26794
"714","18033",2,3,42223,43226
"715","18035",2,3,117671,114772
"716","18037",2,3,41889,42565
"717","18039",2,3,197559,205560
"718","18041",2,3,24277,23047
"719","18043",2,3,74578,77781
"720","18045",2,3,17240,16351
"721","18047",2,3,23087,22736
"722","18049",2,3,20836,20092
"723","18051",2,3,33503,33452
"724","18053",2,3,70061,65936
"725","18055",2,3,33165,32006
"726","18057",2,3,274569,330086
"727","18059",2,3,70002,76351
"728","18061",2,3,39364,40350
"729","18063",2,3,145448,167009
"730","18065",2,3,49462,48271
"731","18067",2,3,82752,82366
"732","18069",2,3,37124,36240
"733","18071",2,3,42376,44111
"734","18073",2,3,33478,33370
"735","18075",2,3,21253,20764
"736","18077",2,3,32428,32208
"737","18079",2,3,28525,27611
"738","18081",2,3,139654,156225
"739","18083",2,3,38440,36895
"740","18085",2,3,77358,79344
"741","18087",2,3,37128,39330
"742","18089",2,3,496005,484411
"743","18091",2,3,111467,110007
"744","18093",2,3,46134,45668
"745","18095",2,3,131636,129641
"746","18097",2,3,903393,954670
"747","18099",2,3,47051,46248
"748","18101",2,3,10334,10217
"749","18103",2,3,36903,35567
"750","18105",2,3,137974,146917
"751","18107",2,3,38124,38346
"752","18109",2,3,68894,70116
"753","18111",2,3,14244,14011
"754","18113",2,3,47536,47532
"755","18115",2,3,6128,5844
"756","18117",2,3,19840,19489
"757","18119",2,3,21575,20845
"758","18121",2,3,17339,16927
"759","18123",2,3,19338,19102
"760","18125",2,3,12845,12410
"761","18127",2,3,164343,169594
"762","18129",2,3,25910,25540
"763","18131",2,3,13402,12469
"764","18133",2,3,37963,37779
"765","18135",2,3,26171,24851
"766","18137",2,3,28818,28523
"767","18139",2,3,17392,16663
"768","18141",2,3,266931,270771
"769","18143",2,3,24181,23878
"770","18145",2,3,44436,44593
"771","18147",2,3,20952,20327
"772","18149",2,3,23363,22935
"773","18151",2,3,34185,34586
"774","18153",2,3,21475,20690
"775","18155",2,3,10613,10717
"776","18157",2,3,172780,193048
"777","18159",2,3,15936,15128
"778","18161",2,3,7516,7037
"779","18163",2,3,179703,180974
"780","18165",2,3,16212,15479
"781","18167",2,3,107848,107386
"782","18169",2,3,32888,31280
"783","18171",2,3,8508,8263
"784","18173",2,3,59689,62567
"785","18175",2,3,28262,27943
"786","18177",2,3,68917,65936
"787","18179",2,3,27636,28206
"788","18181",2,3,24643,24133
"789","18183",2,3,33292,34074
"790","19001",2,4,7682,7063
"791","19003",2,4,4029,3645
"792","19005",2,4,14330,13832
"793","19007",2,4,12887,12437
"794","19009",2,4,6119,5506
"795","19011",2,4,26076,25642
"796","19013",2,4,131090,132408
"797","19015",2,4,26306,26346
"798","19017",2,4,24276,24947
"799","19019",2,4,20958,21199
"800","19021",2,4,20260,19874
"801","19023",2,4,14867,14539
"802","19025",2,4,9670,9699
"803","19027",2,4,20816,20154
"804","19029",2,4,13956,12930
"805","19031",2,4,18499,18627
"806","19033",2,4,44151,42647
"807","19035",2,4,12072,11321
"808","19037",2,4,12439,11964
"809","19039",2,4,9286,9423
"810","19041",2,4,16667,16134
"811","19043",2,4,18129,17556
"812","19045",2,4,49116,46518
"813","19047",2,4,17096,17158
"814","19049",2,4,66135,90180
"815","19051",2,4,8753,9017
"816","19053",2,4,8457,7890
"817","19055",2,4,17764,17069
"818","19057",2,4,40325,39138
"819","19059",2,4,16667,17153
"820","19061",2,4,93653,96854
"821","19063",2,4,10302,9253
"822","19065",2,4,20880,19660
"823","19067",2,4,16303,15761
"824","19069",2,4,10680,10124
"825","19071",2,4,7441,6993
"826","19073",2,4,9336,8981
"827","19075",2,4,12453,12304
"828","19077",2,4,10954,10720
"829","19079",2,4,15673,14952
"830","19081",2,4,11341,10712
"831","19083",2,4,17534,16868
"832","19085",2,4,14928,14134
"833","19087",2,4,20145,20067
"834","19089",2,4,9566,9187
"835","19091",2,4,9815,9547
"836","19093",2,4,7089,6841
"837","19095",2,4,16355,16141
"838","19097",2,4,19848,19432
"839","19099",2,4,36842,37147
"840","19101",2,4,16843,18381
"841","19103",2,4,130882,151260
"842","19105",2,4,20638,20744
"843","19107",2,4,10511,10225
"844","19109",2,4,15543,14908
"845","19111",2,4,35862,34055
"846","19113",2,4,211226,225909
"847","19115",2,4,11387,11169
"848","19117",2,4,8898,8645
"849","19119",2,4,11581,11811
"850","19121",2,4,15679,16249
"851","19123",2,4,22381,22000
"852","19125",2,4,33309,33407
"853","19127",2,4,40648,39981
"854","19129",2,4,15059,15063
"855","19131",2,4,10776,10569
"856","19133",2,4,9243,8679
"857","19135",2,4,7970,7790
"858","19137",2,4,10740,10003
"859","19139",2,4,42745,42929
"860","19141",2,4,14398,13840
"861","19143",2,4,6462,6040
"862","19145",2,4,15932,15249
"863","19147",2,4,9421,8929
"864","19149",2,4,24986,25095
"865","19151",2,4,7310,6740
"866","19153",2,4,430640,487204
"867","19155",2,4,93158,93533
"868","19157",2,4,18914,18699
"869","19159",2,4,5131,4968
"870","19161",2,4,10350,9719
"871","19163",2,4,165224,173283
"872","19165",2,4,12167,11578
"873","19167",2,4,33704,34909
"874","19169",2,4,89542,98105
"875","19171",2,4,17767,16904
"876","19173",2,4,6317,6191
"877","19175",2,4,12534,12359
"878","19177",2,4,7570,7020
"879","19179",2,4,35625,35205
"880","19181",2,4,46225,51056
"881","19183",2,4,21704,22141
"882","19185",2,4,6403,6401
"883","19187",2,4,38013,36277
"884","19189",2,4,10866,10518
"885","19191",2,4,21056,20029
"886","19193",2,4,102172,102539
"887","19195",2,4,7598,7453
"888","19197",2,4,13229,12690
"889","20001",2,4,13371,12444
"890","20003",2,4,8102,7878
"891","20005",2,4,16924,16193
"892","20007",2,4,4861,4472
"893","20009",2,4,27674,26111
"894","20011",2,4,15173,14653
"895","20013",2,4,9984,9598
"896","20015",2,4,65880,66765
"897","20017",2,4,2790,2629
"898","20019",2,4,3669,3309
"899","20021",2,4,21603,20015
"900","20023",2,4,2726,2660
"901","20025",2,4,2215,2005
"902","20027",2,4,8535,7997
"903","20029",2,4,9533,8729
"904","20031",2,4,8601,8233
"905","20033",2,4,1891,1748
"906","20035",2,4,36311,35218
"907","20037",2,4,39134,39019
"908","20039",2,4,2961,2871
"909","20041",2,4,19754,18717
"910","20043",2,4,7945,7682
"911","20045",2,4,110826,121436
"912","20047",2,4,3037,2849
"913","20049",2,4,2882,2508
"914","20051",2,4,28452,28710
"915","20053",2,4,6497,6196
"916","20055",2,4,36776,36611
"917","20057",2,4,33848,33888
"918","20059",2,4,25992,25631
"919","20061",2,4,34362,32594
"920","20063",2,4,2695,2612
"921","20065",2,4,2597,2492
"922","20067",2,4,7829,7336
"923","20069",2,4,6006,6033
"924","20071",2,4,1247,1227
"925","20073",2,4,6689,6055
"926","20075",2,4,2690,2607
"927","20077",2,4,6034,5506
"928","20079",2,4,34684,34210
"929","20081",2,4,4256,3997
"930","20083",2,4,1916,1818
"931","20085",2,4,13462,13280
"932","20087",2,4,19126,18975
"933","20089",2,4,3077,2841
"934","20091",2,4,544179,597555
"935","20093",2,4,3977,3943
"936","20095",2,4,7858,7310
"937","20097",2,4,2553,2516
"938","20099",2,4,21607,19964
"939","20101",2,4,1750,1560
"940","20103",2,4,76227,81352
"941","20105",2,4,3241,3023
"942","20107",2,4,9656,9750
"943","20109",2,4,2756,2844
"944","20111",2,4,33690,33406
"945","20113",2,4,29180,28537
"946","20115",2,4,12660,11950
"947","20117",2,4,10117,9722
"948","20119",2,4,4575,4146
"949","20121",2,4,32787,33680
"950","20123",2,4,6373,6150
"951","20125",2,4,35471,32120
"952","20127",2,4,5923,5521
"953","20129",2,4,3233,2667
"954","20131",2,4,10178,10155
"955","20133",2,4,16512,15951
"956","20135",2,4,3107,2840
"957","20137",2,4,5671,5430
"958","20139",2,4,16295,15941
"959","20141",2,4,3858,3475
"960","20143",2,4,6091,5802
"961","20145",2,4,6973,6562
"962","20147",2,4,5642,5317
"963","20149",2,4,21604,24277
"964","20151",2,4,9656,9378
"965","20153",2,4,2519,2508
"966","20155",2,4,64511,62342
"967","20157",2,4,4980,4664
"968","20159",2,4,10083,9531
"969","20161",2,4,71115,73703
"970","20163",2,4,5181,5013
"971","20165",2,4,3307,3093
"972","20167",2,4,6970,6907
"973","20169",2,4,55606,54401
"974","20171",2,4,4936,4897
"975","20173",2,4,498365,513607
"976","20175",2,4,22952,21780
"977","20177",2,4,177934,177499
"978","20179",2,4,2556,2533
"979","20181",2,4,6010,5899
"980","20183",2,4,3853,3603
"981","20185",2,4,4437,4178
"982","20187",2,4,2235,1987
"983","20189",2,4,5724,5559
"984","20191",2,4,24132,22996
"985","20193",2,4,7900,7711
"986","20195",2,4,3001,2793
"987","20197",2,4,7053,6899
"988","20199",2,4,1485,1503
"989","20201",2,4,5799,5420
"990","20203",2,4,2234,2105
"991","20205",2,4,9409,8665
"992","20207",2,4,3309,3183
"993","20209",2,4,157505,165324
"994","21001",3,6,18656,19215
"995","21003",3,6,19956,21122
"996","21005",3,6,21421,22663
"997","21007",3,6,8249,7979
"998","21009",3,6,42173,44176
"999","21011",3,6,11591,12383
"1000","21013",3,6,28691,26569
"1001","21015",3,6,118811,131533
"1002","21017",3,6,19985,20184
"1003","21019",3,6,49542,47240
"1004","21021",3,6,28432,30100
"1005","21023",3,6,8488,8239
"1006","21025",3,6,13878,12726
"1007","21027",3,6,20059,20388
"1008","21029",3,6,74319,81069
"1009","21031",3,6,12690,12772
"1010","21033",3,6,12984,12715
"1011","21035",3,6,37191,39135
"1012","21037",3,6,90336,93152
"1013","21039",3,6,5104,4771
"1014","21041",3,6,10811,10737
"1015","21043",3,6,27720,27004
"1016","21045",3,6,15955,15888
"1017","21047",3,6,73955,71671
"1018","21049",3,6,35613,36249
"1019","21051",3,6,21730,20105
"1020","21053",3,6,10272,10206
"1021","21055",3,6,9315,8915
"1022","21057",3,6,6856,6659
"1023","21059",3,6,96656,101104
"1024","21061",3,6,12161,12274
"1025","21063",3,6,7852,7508
"1026","21065",3,6,14672,14198
"1027","21067",3,6,295803,323780
"1028","21069",3,6,14348,14432
"1029","21071",3,6,39451,35845
"1030","21073",3,6,49285,50815
"1031","21075",3,6,6813,6120
"1032","21077",3,6,8589,8832
"1033","21079",3,6,16912,17560
"1034","21081",3,6,24662,25121
"1035","21083",3,6,37121,37317
"1036","21085",3,6,25746,26321
"1037","21087",3,6,11258,11049
"1038","21089",3,6,36910,35268
"1039","21091",3,6,8565,8758
"1040","21093",3,6,105543,110356
"1041","21095",3,6,29278,26409
"1042","21097",3,6,18846,18778
"1043","21099",3,6,18199,18906
"1044","21101",3,6,46250,45591
"1045","21103",3,6,15416,16106
"1046","21105",3,6,4902,4421
"1047","21107",3,6,46920,45068
"1048","21109",3,6,13494,13442
"1049","21111",3,6,741096,770517
"1050","21113",3,6,48586,53920
"1051","21115",3,6,23356,22386
"1052","21117",3,6,159720,166051
"1053","21119",3,6,16346,15126
"1054","21121",3,6,31883,31304
"1055","21123",3,6,14193,14307
"1056","21125",3,6,58849,60669
"1057","21127",3,6,15860,15571
"1058","21129",3,6,7887,7033
"1059","21131",3,6,11310,10143
"1060","21133",3,6,24519,21899
"1061","21135",3,6,13870,13257
"1062","21137",3,6,24742,24644
"1063","21139",3,6,9519,9242
"1064","21141",3,6,26835,26989
"1065","21143",3,6,8314,8009
"1066","21145",3,6,65565,65346
"1067","21147",3,6,18306,17408
"1068","21149",3,6,9531,9252
"1069","21151",3,6,82916,92368
"1070","21153",3,6,13333,12362
"1071","21155",3,6,19820,19404
"1072","21157",3,6,31448,31191
"1073","21159",3,6,12929,11323
"1074","21161",3,6,17490,17150
"1075","21163",3,6,28602,28715
"1076","21165",3,6,6306,6451
"1077","21167",3,6,21331,21774
"1078","21169",3,6,10099,10030
"1079","21171",3,6,10963,10718
"1080","21173",3,6,26499,28203
"1081","21175",3,6,13923,13345
"1082","21177",3,6,31499,30774
"1083","21179",3,6,43437,45851
"1084","21181",3,6,7135,7166
"1085","21183",3,6,23842,24087
"1086","21185",3,6,60316,66470
"1087","21187",3,6,10841,10880
"1088","21189",3,6,4755,4472
"1089","21191",3,6,14877,14529
"1090","21193",3,6,28712,26092
"1091","21195",3,6,65024,58402
"1092","21197",3,6,12613,12442
"1093","21199",3,6,63063,64623
"1094","21201",3,6,2282,2135
"1095","21203",3,6,17056,16750
"1096","21205",3,6,23333,24583
"1097","21207",3,6,17565,17821
"1098","21209",3,6,47173,56031
"1099","21211",3,6,42074,48518
"1100","21213",3,6,17327,18529
"1101","21215",3,6,17061,18794
"1102","21217",3,6,24512,25549
"1103","21219",3,6,12460,12311
"1104","21221",3,6,14339,14643
"1105","21223",3,6,8809,8515
"1106","21225",3,6,15007,14505
"1107","21227",3,6,113792,131264
"1108","21229",3,6,11717,12084
"1109","21231",3,6,20813,20468
"1110","21233",3,6,13621,13111
"1111","21235",3,6,35637,36242
"1112","21237",3,6,7355,7177
"1113","21239",3,6,24939,26533
"1114","22001",3,7,61773,62190
"1115","22003",3,7,25764,25605
"1116","22005",3,7,107215,124672
"1117","22007",3,7,23421,22300
"1118","22009",3,7,42073,40462
"1119","22011",3,7,35654,37253
"1120","22013",3,7,14353,13308
"1121","22015",3,7,116979,127185
"1122","22017",3,7,254969,242922
"1123","22019",3,7,192768,203112
"1124","22021",3,7,10132,9960
"1125","22023",3,7,6839,6968
"1126","22025",3,7,10407,9608
"1127","22027",3,7,17195,15944
"1128","22029",3,7,20822,19572
"1129","22031",3,7,26656,27436
"1130","22033",3,7,440171,440956
"1131","22035",3,7,7759,7037
"1132","22037",3,7,20267,19305
"1133","22039",3,7,33984,33443
"1134","22041",3,7,20767,20156
"1135","22043",3,7,22309,22482
"1136","22045",3,7,73240,70941
"1137","22047",3,7,33387,32721
"1138","22049",3,7,16274,15902
"1139","22051",3,7,432552,434051
"1140","22053",3,7,31594,31582
"1141","22055",3,7,221578,242782
"1142","22057",3,7,96318,98115
"1143","22059",3,7,14890,14917
"1144","22061",3,7,46735,47196
"1145","22063",3,7,128026,139567
"1146","22065",3,7,12093,11161
"1147","22067",3,7,27979,25398
"1148","22069",3,7,39566,38659
"1149","22071",3,7,343829,391006
"1150","22073",3,7,153720,154475
"1151","22075",3,7,23042,23410
"1152","22077",3,7,22802,21940
"1153","22079",3,7,131613,130562
"1154","22081",3,7,9091,8477
"1155","22083",3,7,20725,20192
"1156","22085",3,7,24233,24032
"1157","22087",3,7,35897,46721
"1158","22089",3,7,52780,52879
"1159","22091",3,7,11203,10262
"1160","22093",3,7,22102,21037
"1161","22095",3,7,45924,43184
"1162","22097",3,7,83384,82764
"1163","22099",3,7,52160,53621
"1164","22101",3,7,54650,49774
"1165","22103",3,7,233740,258111
"1166","22105",3,7,121097,133777
"1167","22107",3,7,5252,4462
"1168","22109",3,7,111860,111021
"1169","22111",3,7,22721,22330
"1170","22113",3,7,57999,59830
"1171","22115",3,7,52334,48860
"1172","22117",3,7,47168,46582
"1173","22119",3,7,41207,38798
"1174","22121",3,7,23788,26427
"1175","22123",3,7,11604,10982
"1176","22125",3,7,15625,15460
"1177","22127",3,7,15313,14134
"1178","23001",1,1,107702,107679
"1179","23003",1,1,71870,67111
"1180","23005",1,1,281674,293557
"1181","23007",1,1,30768,29897
"1182","23009",1,1,54418,54811
"1183","23011",1,1,122151,122083
"1184","23013",1,1,39736,39771
"1185","23015",1,1,34457,34342
"1186","23017",1,1,57833,57618
"1187","23019",1,1,153923,151096
"1188","23021",1,1,17535,16800
"1189","23023",1,1,35293,35634
"1190","23025",1,1,52228,50592
"1191","23027",1,1,38786,39694
"1192","23029",1,1,32856,31490
"1193","23031",1,1,197131,206229
"1194","24001",3,5,75087,70975
"1195","24003",3,5,537656,576031
"1196","24005",3,5,805029,828431
"1197","24009",3,5,88737,92003
"1198","24011",3,5,33066,33304
"1199","24013",3,5,167134,168429
"1200","24015",3,5,101108,102826
"1201","24017",3,5,146551,161503
"1202","24019",3,5,32618,31998
"1203","24021",3,5,233385,255648
"1204","24023",3,5,30097,29163
"1205","24025",3,5,244826,253956
"1206","24027",3,5,287085,323196
"1207","24029",3,5,20197,19383
"1208","24031",3,5,971777,1052567
"1209","24033",3,5,863420,909308
"1210","24035",3,5,47798,50251
"1211","24037",3,5,105151,112664
"1212","24039",3,5,26470,25675
"1213","24041",3,5,37782,36968
"1214","24043",3,5,147430,150926
"1215","24045",3,5,98733,103195
"1216","24047",3,5,51454,51823
"1217","24510",3,5,620961,602495
"1218","25001",1,1,215888,213413
"1219","25003",1,1,131219,126348
"1220","25005",1,1,548285,564022
"1221","25007",1,1,16535,17352
"1222","25009",1,1,743159,790638
"1223","25011",1,1,71372,70963
"1224","25013",1,1,463490,470406
"1225","25015",1,1,158080,161355
"1226","25017",1,1,1503085,1614714
"1227","25019",1,1,10172,11327
"1228","25021",1,1,670850,705388
"1229","25023",1,1,494919,518132
"1230","25025",1,1,722023,807252
"1231","25027",1,1,798552,830839
"1232","26001",2,3,10942,10362
"1233","26003",2,3,9601,9097
"1234","26005",2,3,111408,117327
"1235","26007",2,3,29598,28360
"1236","26009",2,3,23580,23365
"1237","26011",2,3,15899,15041
"1238","26013",2,3,8860,8320
"1239","26015",2,3,59173,61157
"1240","26017",2,3,107771,103923
"1241","26019",2,3,17525,17753
"1242","26021",2,3,156813,154141
"1243","26023",2,3,45248,43622
"1244","26025",2,3,136146,134487
"1245","26027",2,3,52293,51653
"1246","26029",2,3,25949,26244
"1247","26031",2,3,26152,25413
"1248","26033",2,3,38520,37517
"1249","26035",2,3,30926,30757
"1250","26037",2,3,75382,79332
"1251","26039",2,3,14074,13901
"1252","26041",2,3,37069,35857
"1253","26043",2,3,26168,25383
"1254","26045",2,3,107759,109826
"1255","26047",2,3,32694,33308
"1256","26049",2,3,425790,406892
"1257","26051",2,3,25692,25337
"1258","26053",2,3,16427,15096
"1259","26055",2,3,86986,92573
"1260","26057",2,3,42476,40599
"1261","26059",2,3,46688,45749
"1262","26061",2,3,36628,36219
"1263","26063",2,3,33118,31166
"1264","26065",2,3,280895,292735
"1265","26067",2,3,63905,64210
"1266","26069",2,3,25887,25081
"1267","26071",2,3,11817,11117
"1268","26073",2,3,70311,70562
"1269","26075",2,3,160248,158823
"1270","26077",2,3,250331,264870
"1271","26079",2,3,17153,17824
"1272","26081",2,3,602622,653786
"1273","26083",2,3,2156,2113
"1274","26085",2,3,11539,11881
"1275","26087",2,3,88319,88028
"1276","26089",2,3,21708,21764
"1277","26091",2,3,99892,98266
"1278","26093",2,3,180967,191224
"1279","26095",2,3,6631,6283
"1280","26097",2,3,11113,10787
"1281","26099",2,3,840978,874759
"1282","26101",2,3,24733,24528
"1283","26103",2,3,67077,66516
"1284","26105",2,3,28705,29100
"1285","26107",2,3,42798,43545
"1286","26109",2,3,24029,22983
"1287","26111",2,3,83629,83209
"1288","26113",2,3,14849,15113
"1289","26115",2,3,152021,150439
"1290","26117",2,3,63342,63968
"1291","26119",2,3,9765,9265
"1292","26121",2,3,172188,173588
"1293","26123",2,3,48460,48892
"1294","26125",2,3,1202362,1259201
"1295","26127",2,3,26570,26625
"1296","26129",2,3,21699,20952
"1297","26131",2,3,6780,5795
"1298","26133",2,3,23528,23341
"1299","26135",2,3,8640,8276
"1300","26137",2,3,24164,24665
"1301","26139",2,3,263801,290494
"1302","26141",2,3,13376,12738
"1303","26143",2,3,24449,23884
"1304","26145",2,3,200169,190800
"1305","26147",2,3,163040,159337
"1306","26149",2,3,61295,61043
"1307","26151",2,3,43114,41182
"1308","26153",2,3,8485,8068
"1309","26155",2,3,70648,68192
"1310","26157",2,3,55729,52516
"1311","26159",2,3,76258,75448
"1312","26161",2,3,344791,370963
"1313","26163",2,3,1820584,1753893
"1314","26165",2,3,32735,33466
"1315","27001",2,4,16202,15902
"1316","27003",2,4,330844,353813
"1317","27005",2,4,32504,34371
"1318","27007",2,4,44442,46847
"1319","27009",2,4,38451,40545
"1320","27011",2,4,5269,4989
"1321","27013",2,4,64013,67427
"1322","27015",2,4,25893,25111
"1323","27017",2,4,35386,35837
"1324","27019",2,4,91042,103551
"1325","27021",2,4,28567,29519
"1326","27023",2,4,12441,11924
"1327","27025",2,4,53887,55922
"1328","27027",2,4,58999,63955
"1329","27029",2,4,8695,8810
"1330","27031",2,4,5176,5393
"1331","27033",2,4,11687,11277
"1332","27035",2,4,62500,64889
"1333","27037",2,4,398552,425423
"1334","27039",2,4,20087,20822
"1335","27041",2,4,36009,37964
"1336","27043",2,4,14553,13758
"1337","27045",2,4,20866,21058
"1338","27047",2,4,31255,30444
"1339","27049",2,4,46183,46403
"1340","27051",2,4,6018,6021
"1341","27053",2,4,1152425,1259428
"1342","27055",2,4,19027,18578
"1343","27057",2,4,20428,21332
"1344","27059",2,4,37816,39966
"1345","27061",2,4,45058,45108
"1346","27063",2,4,10266,9911
"1347","27065",2,4,16239,16207
"1348","27067",2,4,42239,42855
"1349","27069",2,4,4552,4248
"1350","27071",2,4,13311,12440
"1351","27073",2,4,7259,6658
"1352","27075",2,4,10866,10658
"1353","27077",2,4,4045,3758
"1354","27079",2,4,27703,28494
"1355","27081",2,4,5896,5673
"1356","27083",2,4,25857,25629
"1357","27085",2,4,36651,35873
"1358","27087",2,4,5413,5519
"1359","27089",2,4,9439,9390
"1360","27091",2,4,20840,19785
"1361","27093",2,4,23300,23141
"1362","27095",2,4,26097,26139
"1363","27097",2,4,33198,33169
"1364","27099",2,4,39163,40011
"1365","27101",2,4,8725,8276
"1366","27103",2,4,32727,34220
"1367","27105",2,4,21378,21924
"1368","27107",2,4,6852,6475
"1369","27109",2,4,144248,156277
"1370","27111",2,4,57303,58812
"1371","27113",2,4,13930,14178
"1372","27115",2,4,29750,29483
"1373","27117",2,4,9596,9047
"1374","27119",2,4,31600,31529
"1375","27121",2,4,10995,11097
"1376","27123",2,4,508640,550210
"1377","27125",2,4,4089,3999
"1378","27127",2,4,16059,15249
"1379","27129",2,4,15730,14612
"1380","27131",2,4,64142,66523
"1381","27133",2,4,9687,9414
"1382","27135",2,4,15629,15150
"1383","27137",2,4,200226,199754
"1384","27139",2,4,129928,147381
"1385","27141",2,4,88499,96036
"1386","27143",2,4,15226,15028
"1387","27145",2,4,150642,159256
"1388","27147",2,4,36576,36803
"1389","27149",2,4,9726,9753
"1390","27151",2,4,9783,9345
"1391","27153",2,4,24895,24582
"1392","27155",2,4,3558,3308
"1393","27157",2,4,21676,21645
"1394","27159",2,4,13843,13773
"1395","27161",2,4,19136,18691
"1396","27163",2,4,238136,259201
"1397","27165",2,4,11211,10980
"1398","27167",2,4,6576,6254
"1399","27169",2,4,51461,50825
"1400","27171",2,4,124700,136349
"1401","27173",2,4,10438,9795
"1402","28001",3,6,32297,31192
"1403","28003",3,6,37057,36925
"1404","28005",3,6,13131,12326
"1405","28007",3,6,19564,18365
"1406","28009",3,6,8729,8271
"1407","28011",3,6,34145,31333
"1408","28013",3,6,14962,14436
"1409","28015",3,6,10597,9911
"1410","28017",3,6,17392,17171
"1411","28019",3,6,8547,8278
"1412","28021",3,6,9604,9002
"1413","28023",3,6,16732,15604
"1414","28025",3,6,20634,19386
"1415","28027",3,6,26151,22628
"1416","28029",3,6,29449,28543
"1417","28031",3,6,19568,18853
"1418","28033",3,6,161252,182001
"1419","28035",3,6,74934,75036
"1420","28037",3,6,8118,7788
"1421","28039",3,6,22578,24250
"1422","28041",3,6,14400,13586
"1423","28043",3,6,21906,21055
"1424","28045",3,6,43929,47334
"1425","28047",3,6,187105,206650
"1426","28049",3,6,245285,237085
"1427","28051",3,6,19198,17622
"1428","28053",3,6,9375,8257
"1429","28055",3,6,1406,1308
"1430","28057",3,6,23401,23517
"1431","28059",3,6,139668,143277
"1432","28061",3,6,17062,16428
"1433","28063",3,6,7726,7106
"1434","28065",3,6,12487,11234
"1435","28067",3,6,67761,68461
"1436","28069",3,6,10456,10027
"1437","28071",3,6,47351,54793
"1438","28073",3,6,55658,62447
"1439","28075",3,6,80261,75317
"1440","28077",3,6,12929,12455
"1441","28079",3,6,23805,22763
"1442","28081",3,6,82910,85202
"1443","28083",3,6,32317,28919
"1444","28085",3,6,34869,34205
"1445","28087",3,6,59779,58930
"1446","28089",3,6,95203,105630
"1447","28091",3,6,27088,24715
"1448","28093",3,6,37144,35451
"1449","28095",3,6,36989,35564
"1450","28097",3,6,10925,10023
"1451","28099",3,6,29676,29125
"1452","28101",3,6,21720,21443
"1453","28103",3,6,11545,10535
"1454","28105",3,6,47671,49599
"1455","28107",3,6,34707,34178
"1456","28109",3,6,55834,55387
"1457","28111",3,6,12250,11931
"1458","28113",3,6,40404,39563
"1459","28115",3,6,29957,31833
"1460","28117",3,6,25276,25315
"1461","28119",3,6,8223,7051
"1462","28121",3,6,141617,153902
"1463","28123",3,6,28264,28287
"1464","28125",3,6,4916,4377
"1465","28127",3,6,27503,26758
"1466","28129",3,6,16491,16002
"1467","28131",3,6,17786,18717
"1468","28133",3,6,29450,25735
"1469","28135",3,6,15378,13987
"1470","28137",3,6,28886,28759
"1471","28139",3,6,22232,21995
"1472","28141",3,6,19593,19454
"1473","28143",3,6,10778,9944
"1474","28145",3,6,27134,28606
"1475","28147",3,6,15443,14465
"1476","28149",3,6,48773,46176
"1477","28151",3,6,51137,45063
"1478","28153",3,6,20747,20298
"1479","28155",3,6,10253,9788
"1480","28157",3,6,9878,8792
"1481","28159",3,6,19198,18165
"1482","28161",3,6,12678,12392
"1483","28163",3,6,28065,28248
"1484","29001",2,4,25607,25339
"1485","29003",2,4,17291,17607
"1486","29005",2,4,5685,5171
"1487","29007",2,4,25529,25473
"1488","29009",2,4,35597,35886
"1489","29011",2,4,12402,11798
"1490","29013",2,4,17049,16320
"1491","29015",2,4,19056,19278
"1492","29017",2,4,12363,12169
"1493","29019",2,4,162642,180005
"1494","29021",2,4,89201,88571
"1495","29023",2,4,42794,42639
"1496","29025",2,4,9424,9108
"1497","29027",2,4,44332,44889
"1498","29029",2,4,44002,45815
"1499","29031",2,4,75674,78753
"1500","29033",2,4,9295,8743
"1501","29035",2,4,6265,6054
"1502","29037",2,4,99478,104954
"1503","29039",2,4,13982,14165
"1504","29041",2,4,7831,7451
"1505","29043",2,4,77422,86983
"1506","29045",2,4,7139,6842
"1507","29047",2,4,221939,246365
"1508","29049",2,4,20743,20470
"1509","29051",2,4,75990,76796
"1510","29053",2,4,17601,17603
"1511","29055",2,4,24696,23957
"1512","29057",2,4,7883,7569
"1513","29059",2,4,16777,16762
"1514","29061",2,4,8433,8313
"1515","29063",2,4,12892,12630
"1516","29065",2,4,15657,15441
"1517","29067",2,4,13684,13373
"1518","29069",2,4,31953,29423
"1519","29071",2,4,101492,103670
"1520","29073",2,4,15222,14705
"1521","29075",2,4,6738,6628
"1522","29077",2,4,275174,291923
"1523","29079",2,4,10261,9914
"1524","29081",2,4,8957,8414
"1525","29083",2,4,22272,21792
"1526","29085",2,4,9627,9509
"1527","29087",2,4,4912,4404
"1528","29089",2,4,10144,10137
"1529","29091",2,4,40400,40076
"1530","29093",2,4,10630,10177
"1531","29095",2,4,674158,700307
"1532","29097",2,4,117404,120636
"1533","29099",2,4,218733,224347
"1534","29101",2,4,52595,53652
"1535","29103",2,4,4131,3947
"1536","29105",2,4,35571,35713
"1537","29107",2,4,33381,32598
"1538","29109",2,4,38634,38359
"1539","29111",2,4,10211,9855
"1540","29113",2,4,52566,57686
"1541","29115",2,4,12761,12037
"1542","29117",2,4,15195,15146
"1543","29119",2,4,23083,23078
"1544","29121",2,4,15566,15153
"1545","29123",2,4,12226,12188
"1546","29125",2,4,9176,8769
"1547","29127",2,4,28781,28592
"1548","29129",2,4,3785,3641
"1549","29131",2,4,24748,25336
"1550","29133",2,4,14358,13336
"1551","29135",2,4,15607,16121
"1552","29137",2,4,8840,8664
"1553","29139",2,4,12236,11534
"1554","29141",2,4,20565,20358
"1555","29143",2,4,18956,17296
"1556","29145",2,4,58114,58266
"1557","29147",2,4,23370,22304
"1558","29149",2,4,10881,10541
"1559","29151",2,4,13878,13714
"1560","29153",2,4,9723,9017
"1561","29155",2,4,18296,16272
"1562","29157",2,4,18971,19150
"1563","29159",2,4,42201,42542
"1564","29161",2,4,45156,44732
"1565","29163",2,4,18516,18504
"1566","29165",2,4,89322,102985
"1567","29167",2,4,31137,32201
"1568","29169",2,4,52274,52014
"1569","29171",2,4,4979,4757
"1570","29173",2,4,10167,10212
"1571","29175",2,4,25414,24763
"1572","29177",2,4,23494,22883
"1573","29179",2,4,6696,6254
"1574","29181",2,4,14100,13401
"1575","29183",2,4,360485,399182
"1576","29185",2,4,9805,9395
"1577","29186",2,4,18145,17888
"1578","29187",2,4,65359,66692
"1579","29189",2,4,998954,996945
"1580","29195",2,4,23370,22895
"1581","29197",2,4,4431,4599
"1582","29199",2,4,4843,4966
"1583","29201",2,4,39191,38458
"1584","29203",2,4,8441,8189
"1585","29205",2,4,6373,6050
"1586","29207",2,4,29968,29206
"1587","29209",2,4,32202,31749
"1588","29211",2,4,6714,6221
"1589","29213",2,4,51675,55852
"1590","29215",2,4,26008,25571
"1591","29217",2,4,21159,20528
"1592","29219",2,4,32513,34711
"1593","29221",2,4,25195,24943
"1594","29223",2,4,13521,13122
"1595","29225",2,4,36202,39109
"1596","29227",2,4,2171,2040
"1597","29229",2,4,18815,18378
"1598","29510",2,4,319294,302838
"1599","30001",4,8,9246,9404
"1600","30003",4,8,12865,13338
"1601","30005",4,8,6491,6807
"1602","30007",4,8,5612,6085
"1603","30009",4,8,10078,10714
"1604","30011",4,8,1160,1238
"1605","30013",4,8,81327,81643
"1606","30015",4,8,5813,5745
"1607","30017",4,8,11699,11586
"1608","30019",4,8,1751,1747
"1609","30021",4,8,8966,8680
"1610","30023",4,8,9298,9131
"1611","30025",4,8,2890,2920
"1612","30027",4,8,11586,11113
"1613","30029",4,8,90928,102106
"1614","30031",4,8,89513,111876
"1615","30033",4,8,1206,1268
"1616","30035",4,8,13399,13747
"1617","30037",4,8,884,826
"1618","30039",4,8,3079,3378
"1619","30041",4,8,16096,16347
"1620","30043",4,8,11406,12097
"1621","30045",4,8,2072,1952
"1622","30047",4,8,28746,30250
"1623","30049",4,8,63395,68700
"1624","30051",4,8,2339,2430
"1625","30053",4,8,19687,19794
"1626","30055",4,8,1734,1675
"1627","30057",4,8,7691,8768
"1628","30059",4,8,1891,1866
"1629","30061",4,8,4223,4316
"1630","30063",4,8,109299,118791
"1631","30065",4,8,4538,4651
"1632","30067",4,8,15636,16736
"1633","30069",4,8,494,513
"1634","30071",4,8,4253,4074
"1635","30073",4,8,6153,5972
"1636","30075",4,8,1743,1716
"1637","30077",4,8,7027,6968
"1638","30079",4,8,1179,1087
"1639","30081",4,8,40212,43172
"1640","30083",4,8,9746,10913
"1641","30085",4,8,10425,11059
"1642","30087",4,8,9233,9063
"1643","30089",4,8,11413,11844
"1644","30091",4,8,3384,3424
"1645","30093",4,8,34200,34993
"1646","30095",4,8,9117,9534
"1647","30097",4,8,3651,3710
"1648","30099",4,8,6073,6162
"1649","30101",4,8,5324,4853
"1650","30103",4,8,718,679
"1651","30105",4,8,7369,7437
"1652","30107",4,8,2168,2236
"1653","30109",4,8,1017,1034
"1654","30111",4,8,147972,160137
"1655","31001",2,4,31364,31511
"1656","31003",2,4,6685,6336
"1657","31005",2,4,460,465
"1658","31007",2,4,690,730
"1659","31009",2,4,478,476
"1660","31011",2,4,5505,5239
"1661","31013",2,4,11308,10772
"1662","31015",2,4,2099,1955
"1663","31017",2,4,3145,2973
"1664","31019",2,4,46102,49615
"1665","31021",2,4,6858,6488
"1666","31023",2,4,8395,8058
"1667","31025",2,4,25241,26159
"1668","31027",2,4,8852,8446
"1669","31029",2,4,3966,3977
"1670","31031",2,4,5713,5761
"1671","31033",2,4,9998,9310
"1672","31035",2,4,6542,6214
"1673","31037",2,4,10515,10881
"1674","31039",2,4,9139,8940
"1675","31041",2,4,10939,10840
"1676","31043",2,4,21006,20083
"1677","31045",2,4,9182,8716
"1678","31047",2,4,24326,23709
"1679","31049",2,4,1941,1825
"1680","31051",2,4,6000,5709
"1681","31053",2,4,36691,36791
"1682","31055",2,4,517110,566880
"1683","31057",2,4,2008,1770
"1684","31059",2,4,5890,5527
"1685","31061",2,4,3225,3023
"1686","31063",2,4,2756,2608
"1687","31065",2,4,4959,4715
"1688","31067",2,4,22311,21493
"1689","31069",2,4,2057,1897
"1690","31071",2,4,2049,1987
"1691","31073",2,4,2044,1996
"1692","31075",2,4,614,660
"1693","31077",2,4,2538,2356
"1694","31079",2,4,58607,61607
"1695","31081",2,4,9124,9280
"1696","31083",2,4,3423,3401
"1697","31085",2,4,967,916
"1698","31087",2,4,2908,2806
"1699","31089",2,4,10435,10178
"1700","31091",2,4,736,682
"1701","31093",2,4,6274,6468
"1702","31095",2,4,7547,7097
"1703","31097",2,4,5217,5134
"1704","31099",2,4,6489,6544
"1705","31101",2,4,8368,8021
"1706","31103",2,4,824,810
"1707","31105",2,4,3821,3618
"1708","31107",2,4,8701,8419
"1709","31109",2,4,285407,317272
"1710","31111",2,4,36288,35185
"1711","31113",2,4,763,749
"1712","31115",2,4,632,618
"1713","31117",2,4,539,492
"1714","31119",2,4,34876,35392
"1715","31121",2,4,7845,7733
"1716","31123",2,4,5042,4686
"1717","31125",2,4,3735,3532
"1718","31127",2,4,7248,6958
"1719","31129",2,4,4500,4195
"1720","31131",2,4,15740,15985
"1721","31133",2,4,2773,2632
"1722","31135",2,4,2970,2929
"1723","31137",2,4,9188,8996
"1724","31139",2,4,7266,7142
"1725","31141",2,4,32237,33363
"1726","31143",2,4,5406,5278
"1727","31145",2,4,11055,10726
"1728","31147",2,4,8363,7937
"1729","31149",2,4,1526,1360
"1730","31151",2,4,14200,14350
"1731","31153",2,4,158840,184459
"1732","31155",2,4,20780,21303
"1733","31157",2,4,36970,35989
"1734","31159",2,4,16750,17318
"1735","31161",2,4,5469,5190
"1736","31163",2,4,3152,3038
"1737","31165",2,4,1311,1187
"1738","31167",2,4,6129,5970
"1739","31169",2,4,5228,5039
"1740","31171",2,4,647,720
"1741","31173",2,4,6940,7303
"1742","31175",2,4,4260,4190
"1743","31177",2,4,20234,20667
"1744","31179",2,4,9595,9403
"1745","31181",2,4,3812,3533
"1746","31183",2,4,818,805
"1747","31185",2,4,13665,13772
"1748","32001",4,8,24877,24440
"1749","32003",4,8,1951269,2231647
"1750","32005",4,8,46997,48467
"1751","32007",4,8,48818,52460
"1752","32009",4,8,783,826
"1753","32011",4,8,1987,2003
"1754","32013",4,8,16528,16786
"1755","32015",4,8,5775,5575
"1756","32017",4,8,5345,5201
"1757","32019",4,8,51980,55808
"1758","32021",4,8,4772,4514
"1759","32023",4,8,43946,45346
"1760","32027",4,8,6753,6666
"1761","32029",4,8,4010,4029
"1762","32031",4,8,421407,465735
"1763","32033",4,8,10030,9475
"1764","32510",4,8,55274,55414
"1765","33001",1,1,60088,61022
"1766","33003",1,1,47818,48779
"1767","33005",1,1,77117,76493
"1768","33007",1,1,33055,31589
"1769","33009",1,1,89118,89786
"1770","33011",1,1,400721,415247
"1771","33013",1,1,146445,151132
"1772","33015",1,1,295223,309176
"1773","33017",1,1,123143,130090
"1774","33019",1,1,43742,43144
"1775","34001",1,2,274549,265429
"1776","34003",1,2,905116,936692
"1777","34005",1,2,448734,445384
"1778","34007",1,2,513657,507078
"1779","34009",1,2,97265,92560
"1780","34011",1,2,156898,150972
"1781","34013",1,2,783969,799767
"1782","34015",1,2,288288,291408
"1783","34017",1,2,634266,676061
"1784","34019",1,2,128349,124714
"1785","34021",1,2,366513,369811
"1786","34023",1,2,809858,829685
"1787","34025",1,2,630380,621354
"1788","34027",1,2,492276,494228
"1789","34029",1,2,576567,601651
"1790","34031",1,2,501226,503310
"1791","34033",1,2,66083,62607
"1792","34035",1,2,323444,331164
"1793","34037",1,2,149265,140799
"1794","34039",1,2,536499,558067
"1795","34041",1,2,108692,105779
"1796","35001",4,8,662564,678701
"1797","35003",4,8,3725,3578
"1798","35005",4,8,65645,64689
"1799","35006",4,8,27213,26746
"1800","35007",4,8,13750,12110
"1801","35009",4,8,48376,49437
"1802","35011",4,8,2022,1781
"1803","35013",4,8,209233,217522
"1804","35015",4,8,53829,57900
"1805","35017",4,8,29514,27346
"1806","35019",4,8,4687,4341
"1807","35021",4,8,695,655
"1808","35023",4,8,4894,4240
"1809","35025",4,8,64727,69611
"1810","35027",4,8,20497,19556
"1811","35028",4,8,17950,19101
"1812","35029",4,8,25095,23963
"1813","35031",4,8,71492,72290
"1814","35033",4,8,4881,4506
"1815","35035",4,8,63797,66781
"1816","35037",4,8,9041,8253
"1817","35039",4,8,40246,39006
"1818","35041",4,8,19846,18743
"1819","35043",4,8,131561,145179
"1820","35045",4,8,130044,125043
"1821","35047",4,8,29393,27591
"1822","35049",4,8,144170,150056
"1823","35051",4,8,11988,10968
"1824","35053",4,8,17866,16735
"1825","35055",4,8,32937,32835
"1826","35057",4,8,16383,15591
"1827","35059",4,8,4549,4118
"1828","35061",4,8,76569,76456
"1829","36001",1,2,304204,307117
"1830","36003",1,2,48946,46430
"1831","36005",1,2,1385108,1432132
"1832","36007",1,2,200600,191659
"1833","36009",1,2,80317,76840
"1834","36011",1,2,80026,77145
"1835","36013",1,2,134905,127939
"1836","36015",1,2,88830,84254
"1837","36017",1,2,50477,47536
"1838","36019",1,2,82128,80695
"1839","36021",1,2,63096,59916
"1840","36023",1,2,49336,47823
"1841","36025",1,2,47980,44527
"1842","36027",1,2,297488,293718
"1843","36029",1,2,919040,919719
"1844","36031",1,2,39370,37300
"1845","36033",1,2,51599,50293
"1846","36035",1,2,55531,53591
"1847","36037",1,2,60079,57511
"1848","36039",1,2,49221,47491
"1849","36041",1,2,4836,4434
"1850","36043",1,2,64519,61833
"1851","36045",1,2,116229,111755
"1852","36047",1,2,2504700,2582830
"1853","36049",1,2,27087,26447
"1854","36051",1,2,65393,63227
"1855","36053",1,2,73442,70795
"1856","36055",1,2,744344,742474
"1857","36057",1,2,50219,49455
"1858","36059",1,2,1339532,1358343
"1859","36061",1,2,1585873,1628701
"1860","36063",1,2,216469,210433
"1861","36065",1,2,234878,229577
"1862","36067",1,2,467026,461809
"1863","36069",1,2,107931,109864
"1864","36071",1,2,372813,381951
"1865","36073",1,2,42883,40612
"1866","36075",1,2,122109,117898
"1867","36077",1,2,62259,59749
"1868","36079",1,2,99710,98892
"1869","36081",1,2,2230722,2278906
"1870","36083",1,2,159429,159442
"1871","36085",1,2,468730,476179
"1872","36087",1,2,311687,325695
"1873","36089",1,2,111944,108047
"1874","36091",1,2,219607,230163
"1875","36093",1,2,154727,155350
"1876","36095",1,2,32749,31097
"1877","36097",1,2,18343,17912
"1878","36099",1,2,35251,34300
"1879","36101",1,2,98990,95796
"1880","36103",1,2,1493350,1481093
"1881","36105",1,2,77547,75498
"1882","36107",1,2,51125,48560
"1883","36109",1,2,101564,102793
"1884","36111",1,2,182493,178599
"1885","36113",1,2,65707,64265
"1886","36115",1,2,63216,61197
"1887","36117",1,2,93772,90064
"1888","36119",1,2,949113,967612
"1889","36121",1,2,42155,40085
"1890","36123",1,2,25348,24841
"1891","37001",3,5,151131,166436
"1892","37003",3,5,37198,37353
"1893","37005",3,5,11155,11161
"1894","37007",3,5,26948,24877
"1895","37009",3,5,27281,27109
"1896","37011",3,5,17797,17505
"1897","37013",3,5,47759,47079
"1898","37015",3,5,21282,19026
"1899","37017",3,5,35190,33190
"1900","37019",3,5,107431,136744
"1901","37021",3,5,238318,259103
"1902","37023",3,5,90912,90382
"1903","37025",3,5,178011,211342
"1904","37027",3,5,83029,82029
"1905","37029",3,5,9980,10710
"1906","37031",3,5,66469,69524
"1907","37033",3,5,23719,22698
"1908","37035",3,5,154358,158652
"1909","37037",3,5,63505,73139
"1910","37039",3,5,27444,28383
"1911","37041",3,5,14793,14029
"1912","37043",3,5,10587,11139
"1913","37045",3,5,98078,97645
"1914","37047",3,5,58098,55655
"1915","37049",3,5,103505,102912
"1916","37051",3,5,319431,332330
"1917","37053",3,5,23547,27072
"1918","37055",3,5,33920,36501
"1919","37057",3,5,162878,166614
"1920","37059",3,5,41240,42733
"1921","37061",3,5,58505,58856
"1922","37063",3,5,267587,316739
"1923","37065",3,5,56552,52005
"1924","37067",3,5,350670,379099
"1925","37069",3,5,60619,67560
"1926","37071",3,5,206086,222846
"1927","37073",3,5,12197,11573
"1928","37075",3,5,8861,8484
"1929","37077",3,5,59916,60115
"1930","37079",3,5,21362,21012
"1931","37081",3,5,488406,533670
"1932","37083",3,5,54691,50574
"1933","37085",3,5,114678,134214
"1934","37087",3,5,59036,61971
"1935","37089",3,5,106740,116748
"1936","37091",3,5,24669,23659
"1937","37093",3,5,46952,54764
"1938","37095",3,5,5810,5230
"1939","37097",3,5,159437,178435
"1940","37099",3,5,40271,43327
"1941","37101",3,5,168878,202675
"1942","37103",3,5,10153,9637
"1943","37105",3,5,57866,61452
"1944","37107",3,5,59495,55976
"1945","37109",3,5,78265,83770
"1946","37111",3,5,44996,45507
"1947","37113",3,5,33922,35285
"1948","37115",3,5,20764,21763
"1949","37117",3,5,24505,22671
"1950","37119",3,5,919628,1093901
"1951","37121",3,5,15579,15000
"1952","37123",3,5,27798,27271
"1953","37125",3,5,88247,98682
"1954","37127",3,5,95840,94016
"1955","37129",3,5,202667,232274
"1956","37131",3,5,22099,19676
"1957","37133",3,5,177772,197683
"1958","37135",3,5,133801,146027
"1959","37137",3,5,13144,12670
"1960","37139",3,5,40661,39639
"1961","37141",3,5,52217,62162
"1962","37143",3,5,13453,13422
"1963","37145",3,5,39464,39507
"1964","37147",3,5,168148,179914
"1965","37149",3,5,20510,20611
"1966","37151",3,5,141752,143351
"1967","37153",3,5,46639,44887
"1968","37155",3,5,134168,131831
"1969","37157",3,5,93643,90690
"1970","37159",3,5,138428,141262
"1971","37161",3,5,67810,66826
"1972","37163",3,5,63431,63626
"1973","37165",3,5,36157,34810
"1974","37167",3,5,60585,62075
"1975","37169",3,5,47401,45467
"1976","37171",3,5,73673,71948
"1977","37173",3,5,13981,14245
"1978","37175",3,5,33090,34215
"1979","37177",3,5,4407,4131
"1980","37179",3,5,201292,235908
"1981","37181",3,5,45422,44582
"1982","37183",3,5,900993,1092305
"1983","37185",3,5,20972,19807
"1984","37187",3,5,13228,11859
"1985","37189",3,5,51079,55945
"1986","37191",3,5,122623,123248
"1987","37193",3,5,69340,68557
"1988","37195",3,5,81234,81455
"1989","37197",3,5,38406,37543
"1990","37199",3,5,17818,17903
"1991","38001",2,4,2343,2294
"1992","38003",2,4,11066,10542
"1993","38005",2,4,6660,6962
"1994","38007",2,4,783,919
"1995","38009",2,4,6429,6411
"1996","38011",2,4,3151,3076
"1997","38013",2,4,1968,2100
"1998","38015",2,4,81308,95273
"1999","38017",2,4,149778,181516
"2000","38019",2,4,3993,3829
"2001","38021",2,4,5289,4903
"2002","38023",2,4,2071,2283
"2003","38025",2,4,3536,4332
"2004","38027",2,4,2385,2313
"2005","38029",2,4,3550,3295
"2006","38031",2,4,3343,3216
"2007","38033",2,4,1680,1769
"2008","38035",2,4,66861,70770
"2009","38037",2,4,2394,2374
"2010","38039",2,4,2420,2232
"2011","38041",2,4,2477,2514
"2012","38043",2,4,2435,2450
"2013","38045",2,4,4139,4062
"2014","38047",2,4,1990,1903
"2015","38049",2,4,5395,5816
"2016","38051",2,4,2809,2585
"2017","38053",2,4,6360,13632
"2018","38055",2,4,8962,9541
"2019","38057",2,4,8424,8267
"2020","38059",2,4,27471,31095
"2021","38061",2,4,7673,10218
"2022","38063",2,4,3126,2869
"2023","38065",2,4,1846,1952
"2024","38067",2,4,7413,6947
"2025","38069",2,4,4357,4081
"2026","38071",2,4,11451,11481
"2027","38073",2,4,5457,5237
"2028","38075",2,4,2470,2374
"2029","38077",2,4,16321,16239
"2030","38079",2,4,13937,14301
"2031","38081",2,4,3829,3870
"2032","38083",2,4,1321,1349
"2033","38085",2,4,4153,4358
"2034","38087",2,4,727,763
"2035","38089",2,4,24199,30997
"2036","38091",2,4,1975,1903
"2037","38093",2,4,21100,20917
"2038","38095",2,4,2246,2192
"2039","38097",2,4,8121,8037
"2040","38099",2,4,11119,10667
"2041","38101",2,4,61675,67744
"2042","38103",2,4,4207,3957
"2043","38105",2,4,22398,35350
"2044","39001",2,3,28550,27724
"2045","39003",2,3,106331,102663
"2046","39005",2,3,53139,53745
"2047","39007",2,3,101497,97493
"2048","39009",2,3,64757,65818
"2049","39011",2,3,45949,45804
"2050","39013",2,3,70400,67505
"2051","39015",2,3,44846,43602
"2052","39017",2,3,368130,382378
"2053","39019",2,3,28836,27081
"2054","39021",2,3,40097,38754
"2055","39023",2,3,138333,134585
"2056","39025",2,3,197363,205466
"2057","39027",2,3,42040,42057
"2058","39029",2,3,107841,102665
"2059","39031",2,3,36901,36629
"2060","39033",2,3,43784,41550
"2061","39035",2,3,1280122,1243857
"2062","39037",2,3,52959,51323
"2063","39039",2,3,39037,38165
"2064","39041",2,3,174214,204826
"2065","39043",2,3,77079,74615
"2066","39045",2,3,146156,155782
"2067","39047",2,3,29030,28666
"2068","39049",2,3,1163414,1310300
"2069","39051",2,3,42698,42276
"2070","39053",2,3,30934,29979
"2071","39055",2,3,93389,94031
"2072","39057",2,3,161573,167995
"2073","39059",2,3,40087,39022
"2074","39061",2,3,802374,816684
"2075","39063",2,3,74782,75930
"2076","39065",2,3,32058,31480
"2077","39067",2,3,15864,15174
"2078","39069",2,3,28215,27086
"2079","39071",2,3,43589,43058
"2080","39073",2,3,29380,28385
"2081","39075",2,3,42366,43892
"2082","39077",2,3,59626,58504
"2083","39079",2,3,33225,32384
"2084","39081",2,3,69709,65767
"2085","39083",2,3,60921,61893
"2086","39085",2,3,230041,230514
"2087","39087",2,3,62450,59866
"2088","39089",2,3,166492,175769
"2089","39091",2,3,45858,45358
"2090","39093",2,3,301356,309461
"2091","39095",2,3,441815,429899
"2092","39097",2,3,43435,44413
"2093","39099",2,3,238823,229642
"2094","39101",2,3,66501,65256
"2095","39103",2,3,172332,179146
"2096","39105",2,3,23770,23106
"2097","39107",2,3,40814,40959
"2098","39109",2,3,102506,106222
"2099","39111",2,3,14642,13790
"2100","39113",2,3,535153,532331
"2101","39115",2,3,15054,14604
"2102","39117",2,3,34827,35112
"2103","39119",2,3,86074,86183
"2104","39121",2,3,14645,14354
"2105","39123",2,3,41428,40769
"2106","39125",2,3,19614,18760
"2107","39127",2,3,36058,36033
"2108","39129",2,3,55698,58086
"2109","39131",2,3,28709,28067
"2110","39133",2,3,161419,162927
"2111","39135",2,3,42270,40997
"2112","39137",2,3,34499,33780
"2113","39139",2,3,124475,121099
"2114","39141",2,3,78064,76931
"2115","39143",2,3,60944,58799
"2116","39145",2,3,79499,75502
"2117","39147",2,3,56745,55207
"2118","39149",2,3,49423,48627
"2119","39151",2,3,375586,371574
"2120","39153",2,3,541781,541918
"2121","39155",2,3,210312,198627
"2122","39157",2,3,92582,92176
"2123","39159",2,3,52300,57835
"2124","39161",2,3,28744,28281
"2125","39163",2,3,13435,13139
"2126","39165",2,3,212693,232173
"2127","39167",2,3,61778,60155
"2128","39169",2,3,114520,115967
"2129","39171",2,3,37642,36804
"2130","39173",2,3,125488,130696
"2131","39175",2,3,22615,21935
"2132","40001",3,7,22683,22082
"2133","40003",3,7,5642,5754
"2134","40005",3,7,14182,13838
"2135","40007",3,7,5636,5319
"2136","40009",3,7,22119,21709
"2137","40011",3,7,11943,9485
"2138","40013",3,7,42416,47192
"2139","40015",3,7,29600,28977
"2140","40017",3,7,115541,144447
"2141","40019",3,7,47557,48177
"2142","40021",3,7,46987,48675
"2143","40023",3,7,15205,14668
"2144","40025",3,7,2475,2153
"2145","40027",3,7,255755,281669
"2146","40029",3,7,5925,5520
"2147","40031",3,7,124098,120422
"2148","40033",3,7,6193,5776
"2149","40035",3,7,15029,14306
"2150","40037",3,7,69967,71604
"2151","40039",3,7,27469,29036
"2152","40041",3,7,41487,42733
"2153","40043",3,7,4810,4894
"2154","40045",3,7,4151,3952
"2155","40047",3,7,60580,60913
"2156","40049",3,7,27576,27811
"2157","40051",3,7,52431,55551
"2158","40053",3,7,4527,4326
"2159","40055",3,7,6239,5821
"2160","40057",3,7,2922,2664
"2161","40059",3,7,3685,3797
"2162","40061",3,7,12769,12668
"2163","40063",3,7,14003,13335
"2164","40065",3,7,26446,24949
"2165","40067",3,7,6472,6123
"2166","40069",3,7,10957,10949
"2167","40071",3,7,46562,44161
"2168","40073",3,7,15034,15816
"2169","40075",3,7,9446,8729
"2170","40077",3,7,11154,10231
"2171","40079",3,7,50384,49980
"2172","40081",3,7,34273,34920
"2173","40083",3,7,41848,47291
"2174","40085",3,7,9423,10134
"2175","40087",3,7,34506,39985
"2176","40089",3,7,33151,32703
"2177","40091",3,7,20252,19815
"2178","40093",3,7,7527,7644
"2179","40095",3,7,15840,16806
"2180","40097",3,7,41259,41107
"2181","40099",3,7,13488,13953
"2182","40101",3,7,70990,68362
"2183","40103",3,7,11561,11289
"2184","40105",3,7,10536,10218
"2185","40107",3,7,12191,12098
"2186","40109",3,7,718633,792582
"2187","40111",3,7,40069,38335
"2188","40113",3,7,47472,47014
"2189","40115",3,7,31848,31175
"2190","40117",3,7,16577,16390
"2191","40119",3,7,77350,82040
"2192","40121",3,7,45837,43877
"2193","40123",3,7,37492,38247
"2194","40125",3,7,69442,72679
"2195","40127",3,7,11572,11179
"2196","40129",3,7,3647,3656
"2197","40131",3,7,86905,91984
"2198","40133",3,7,25482,24578
"2199","40135",3,7,42391,41179
"2200","40137",3,7,45048,43265
"2201","40139",3,7,20640,20455
"2202","40141",3,7,7992,7348
"2203","40143",3,7,603403,648360
"2204","40145",3,7,73085,80110
"2205","40147",3,7,50976,51843
"2206","40149",3,7,11629,11127
"2207","40151",3,7,8878,8897
"2208","40153",3,7,20081,20222
"2209","41001",4,9,16134,16006
"2210","41003",4,9,85579,92101
"2211","41005",4,9,375992,416075
"2212","41007",4,9,37039,39764
"2213","41009",4,9,49351,52377
"2214","41011",4,9,63043,64389
"2215","41013",4,9,20978,23867
"2216","41015",4,9,22364,22813
"2217","41017",4,9,157733,191996
"2218","41019",4,9,107667,110283
"2219","41021",4,9,1871,1894
"2220","41023",4,9,7445,7176
"2221","41025",4,9,7422,7329
"2222","41027",4,9,22346,23428
"2223","41029",4,9,203206,219564
"2224","41031",4,9,21720,24192
"2225","41033",4,9,82713,87393
"2226","41035",4,9,66380,67653
"2227","41037",4,9,7895,7879
"2228","41039",4,9,351715,379611
"2229","41041",4,9,46034,49388
"2230","41043",4,9,116672,127335
"2231","41045",4,9,31313,30725
"2232","41047",4,9,315335,346868
"2233","41049",4,9,11173,11372
"2234","41051",4,9,735334,811880
"2235","41053",4,9,75403,85234
"2236","41055",4,9,1765,1708
"2237","41057",4,9,25250,26787
"2238","41059",4,9,75889,77516
"2239","41061",4,9,25748,26461
"2240","41063",4,9,7008,7081
"2241","41065",4,9,25213,26505
"2242","41067",4,9,529710,597695
"2243","41069",4,9,1441,1366
"2244","41071",4,9,99193,107002
"2245","42001",1,2,101407,102811
"2246","42003",1,2,1223348,1218452
"2247","42005",1,2,68941,65263
"2248","42007",1,2,170539,164742
"2249","42009",1,2,49762,48176
"2250","42011",1,2,411442,420152
"2251","42013",1,2,127089,122492
"2252","42015",1,2,62622,60833
"2253","42017",1,2,625249,628195
"2254","42019",1,2,183862,187888
"2255","42021",1,2,143679,131730
"2256","42023",1,2,5085,4492
"2257","42025",1,2,65249,64227
"2258","42027",1,2,153990,162805
"2259","42029",1,2,498886,522046
"2260","42031",1,2,39988,38779
"2261","42033",1,2,81642,79388
"2262","42035",1,2,39238,38684
"2263","42037",1,2,67295,65456
"2264","42039",1,2,88765,85063
"2265","42041",1,2,235406,251423
"2266","42043",1,2,268100,277097
"2267","42045",1,2,558979,564751
"2268","42047",1,2,31946,30169
"2269","42049",1,2,280566,272061
"2270","42051",1,2,136606,130441
"2271","42053",1,2,7716,7279
"2272","42055",1,2,149618,154835
"2273","42057",1,2,14845,14523
"2274","42059",1,2,38686,36506
"2275","42061",1,2,45913,45168
"2276","42063",1,2,88880,84501
"2277","42065",1,2,45200,43641
"2278","42067",1,2,24636,24704
"2279","42069",1,2,214437,210793
"2280","42071",1,2,519445,543557
"2281","42073",1,2,91108,86184
"2282","42075",1,2,133568,141314
"2283","42077",1,2,349497,368100
"2284","42079",1,2,320918,317646
"2285","42081",1,2,116111,113664
"2286","42083",1,2,43450,40968
"2287","42085",1,2,116638,110683
"2288","42087",1,2,46682,46222
"2289","42089",1,2,169842,169507
"2290","42091",1,2,799874,828604
"2291","42093",1,2,18267,18240
"2292","42095",1,2,297735,304807
"2293","42097",1,2,94528,91083
"2294","42099",1,2,45969,46139
"2295","42101",1,2,1526006,1584138
"2296","42103",1,2,57369,55933
"2297","42105",1,2,17457,16622
"2298","42107",1,2,148289,142067
"2299","42109",1,2,39702,40540
"2300","42111",1,2,77742,73952
"2301","42113",1,2,6428,6071
"2302","42115",1,2,43356,40589
"2303","42117",1,2,41981,40763
"2304","42119",1,2,44947,44785
"2305","42121",1,2,54984,51266
"2306","42123",1,2,41815,39498
"2307","42125",1,2,207820,207346
"2308","42127",1,2,52822,51276
"2309","42129",1,2,365169,350611
"2310","42131",1,2,28276,27046
"2311","42133",1,2,434972,448273
"2312","44001",1,1,49875,48649
"2313","44003",1,1,166158,163861
"2314","44005",1,1,82888,82542
"2315","44007",1,1,626667,636084
"2316","44009",1,1,126979,126179
"2317","45001",3,5,25417,24541
"2318","45003",3,5,160099,169401
"2319","45005",3,5,10419,8903
"2320","45007",3,5,187126,200482
"2321","45009",3,5,15987,14275
"2322","45011",3,5,22621,21112
"2323","45013",3,5,162233,188715
"2324","45015",3,5,177843,221091
"2325","45017",3,5,15175,14520
"2326","45019",3,5,350209,405905
"2327","45021",3,5,55342,57078
"2328","45023",3,5,33140,32251
"2329","45025",3,5,46734,45754
"2330","45027",3,5,34971,33700
"2331","45029",3,5,38892,37660
"2332","45031",3,5,68681,66802
"2333","45033",3,5,32062,30599
"2334","45035",3,5,136555,160647
"2335","45037",3,5,26985,27052
"2336","45039",3,5,23956,22402
"2337","45041",3,5,136885,138159
"2338","45043",3,5,60158,62249
"2339","45045",3,5,451225,514213
"2340","45047",3,5,69661,70741
"2341","45049",3,5,21090,19351
"2342","45051",3,5,269291,344147
"2343","45053",3,5,24777,28971
"2344","45055",3,5,61697,65592
"2345","45057",3,5,76652,95380
"2346","45059",3,5,66537,66994
"2347","45061",3,5,19220,17142
"2348","45063",3,5,262391,295032
"2349","45065",3,5,10233,9410
"2350","45067",3,5,33062,31039
"2351","45069",3,5,28933,26398
"2352","45071",3,5,37508,38520
"2353","45073",3,5,74273,78374
"2354","45075",3,5,92501,86934
"2355","45077",3,5,119224,124937
"2356","45079",3,5,384504,414576
"2357","45081",3,5,19875,20544
"2358","45083",3,5,284307,313888
"2359","45085",3,5,107456,106512
"2360","45087",3,5,28961,27410
"2361","45089",3,5,34423,30606
"2362","45091",3,5,226073,274118
"2363","46003",2,4,2710,2801
"2364","46005",2,4,17398,18883
"2365","46007",2,4,3431,3468
"2366","46009",2,4,7070,6980
"2367","46011",2,4,31965,35232
"2368","46013",2,4,36531,39316
"2369","46015",2,4,5255,5229
"2370","46017",2,4,1912,2036
"2371","46019",2,4,10110,10222
"2372","46021",2,4,1466,1377
"2373","46023",2,4,9129,9338
"2374","46025",2,4,3691,3739
"2375","46027",2,4,13864,14041
"2376","46029",2,4,27227,28015
"2377","46031",2,4,4050,4165
"2378","46033",2,4,8216,8726
"2379","46035",2,4,19504,19790
"2380","46037",2,4,5710,5505
"2381","46039",2,4,4364,4337
"2382","46041",2,4,5301,5904
"2383","46043",2,4,3002,2935
"2384","46045",2,4,4071,3875
"2385","46047",2,4,7094,6758
"2386","46049",2,4,2364,2330
"2387","46051",2,4,7356,7147
"2388","46053",2,4,4271,4212
"2389","46055",2,4,1937,1918
"2390","46057",2,4,5903,6111
"2391","46059",2,4,3431,3262
"2392","46061",2,4,3331,3376
"2393","46063",2,4,1255,1249
"2394","46065",2,4,17022,17650
"2395","46067",2,4,7343,7380
"2396","46069",2,4,1420,1282
"2397","46071",2,4,3031,3307
"2398","46073",2,4,2071,2043
"2399","46075",2,4,1006,928
"2400","46077",2,4,5148,4919
"2401","46079",2,4,11200,13057
"2402","46081",2,4,24097,25741
"2403","46083",2,4,44828,58807
"2404","46085",2,4,3755,3821
"2405","46087",2,4,5618,5546
"2406","46089",2,4,2459,2407
"2407","46091",2,4,4656,5112
"2408","46093",2,4,25434,28294
"2409","46095",2,4,2048,2042
"2410","46097",2,4,2389,2213
"2411","46099",2,4,169468,192876
"2412","46101",2,4,6486,6579
"2413","46102",2,4,13586,14309
"2414","46103",2,4,100948,111729
"2415","46105",2,4,2982,2922
"2416","46107",2,4,2329,2207
"2417","46109",2,4,10149,10447
"2418","46111",2,4,2355,2429
"2419","46115",2,4,6415,6495
"2420","46117",2,4,2966,3022
"2421","46119",2,4,1373,1392
"2422","46121",2,4,9612,10283
"2423","46123",2,4,5644,5478
"2424","46125",2,4,8347,8424
"2425","46127",2,4,14399,15619
"2426","46129",2,4,5438,5587
"2427","46135",2,4,22438,22869
"2428","46137",2,4,2801,2742
"2429","47001",3,6,75129,76482
"2430","47003",3,6,45058,49038
"2431","47005",3,6,16489,16184
"2432","47007",3,6,12876,14755
"2433","47009",3,6,123010,131349
"2434","47011",3,6,98963,106727
"2435","47013",3,6,40716,39583
"2436","47015",3,6,13801,14462
"2437","47017",3,6,28522,28020
"2438","47019",3,6,57424,56351
"2439","47021",3,6,39105,40439
"2440","47023",3,6,17131,17276
"2441","47025",3,6,32213,31756
"2442","47027",3,6,7861,7717
"2443","47029",3,6,35662,35774
"2444","47031",3,6,52796,55700
"2445","47033",3,6,14586,14328
"2446","47035",3,6,56053,59673
"2447","47037",3,6,626681,692587
"2448","47039",3,6,11757,11706
"2449","47041",3,6,18723,20138
"2450","47043",3,6,49666,53446
"2451","47045",3,6,38335,37320
"2452","47047",3,6,38413,40507
"2453","47049",3,6,17959,18217
"2454","47051",3,6,41052,41890
"2455","47053",3,6,49683,49045
"2456","47055",3,6,29485,29503
"2457","47057",3,6,22657,23145
"2458","47059",3,6,68831,69087
"2459","47061",3,6,13703,13346
"2460","47063",3,6,62544,64569
"2461","47065",3,6,336463,364286
"2462","47067",3,6,6819,6549
"2463","47069",3,6,27253,25220
"2464","47071",3,6,26026,25776
"2465","47073",3,6,56833,56530
"2466","47075",3,6,18787,17335
"2467","47077",3,6,27769,27847
"2468","47079",3,6,32330,32358
"2469","47081",3,6,24690,25063
"2470","47083",3,6,8426,8263
"2471","47085",3,6,18538,18486
"2472","47087",3,6,11638,11758
"2473","47089",3,6,51407,54012
"2474","47091",3,6,18244,17778
"2475","47093",3,6,432226,465289
"2476","47095",3,6,7832,7411
"2477","47097",3,6,27815,25825
"2478","47099",3,6,41869,43734
"2479","47101",3,6,12161,12086
"2480","47103",3,6,33361,34117
"2481","47105",3,6,48556,53054
"2482","47107",3,6,52266,53285
"2483","47109",3,6,26075,25832
"2484","47111",3,6,22248,24265
"2485","47113",3,6,98294,97605
"2486","47115",3,6,28237,28575
"2487","47117",3,6,30617,33683
"2488","47119",3,6,80956,94340
"2489","47121",3,6,11753,12306
"2490","47123",3,6,44519,46357
"2491","47125",3,6,172331,205950
"2492","47127",3,6,6362,6411
"2493","47129",3,6,21987,21579
"2494","47131",3,6,31807,30267
"2495","47133",3,6,22083,22068
"2496","47135",3,6,7915,8064
"2497","47137",3,6,5077,5082
"2498","47139",3,6,16825,16898
"2499","47141",3,6,72321,78843
"2500","47143",3,6,31809,33044
"2501","47145",3,6,54181,53140
"2502","47147",3,6,66283,71012
"2503","47149",3,6,262604,324890
"2504","47151",3,6,22228,22039
"2505","47153",3,6,14112,14876
"2506","47155",3,6,89889,97892
"2507","47157",3,6,927644,935764
"2508","47159",3,6,19166,19942
"2509","47161",3,6,13324,13561
"2510","47163",3,6,156823,157668
"2511","47165",3,6,160645,187149
"2512","47167",3,6,61081,61581
"2513","47169",3,6,7870,11012
"2514","47171",3,6,18313,17761
"2515","47173",3,6,19109,19688
"2516","47175",3,6,5548,5765
"2517","47177",3,6,39839,40878
"2518","47179",3,6,122979,128607
"2519","47181",3,6,17021,16558
"2520","47183",3,6,35021,33415
"2521","47185",3,6,25841,27107
"2522","47187",3,6,183182,231729
"2523","47189",3,6,113993,140625
"2524","48001",3,7,58458,58057
"2525","48003",3,7,14786,18128
"2526","48005",3,7,86771,87092
"2527","48007",3,7,23158,23792
"2528","48009",3,7,9054,8786
"2529","48011",3,7,1901,1892
"2530","48013",3,7,44911,50310
"2531","48015",3,7,28417,29989
"2532","48017",3,7,7165,7027
"2533","48019",3,7,20485,22824
"2534","48021",3,7,74171,86976
"2535","48023",3,7,3726,3582
"2536","48025",3,7,31861,32587
"2537","48027",3,7,310235,355642
"2538","48029",3,7,1714773,1986049
"2539","48031",3,7,10497,11702
"2540","48033",3,7,641,648
"2541","48035",3,7,18212,18691
"2542","48037",3,7,92565,94324
"2543","48039",3,7,313166,370200
"2544","48041",3,7,194851,226758
"2545","48043",3,7,9232,9267
"2546","48045",3,7,1637,1516
"2547","48047",3,7,7223,7114
"2548","48049",3,7,38106,37924
"2549","48051",3,7,17187,18389
"2550","48053",3,7,42750,47542
"2551","48055",3,7,38066,43247
"2552","48057",3,7,21381,21561
"2553","48059",3,7,13544,13994
"2554","48061",3,7,406220,423908
"2555","48063",3,7,12401,13033
"2556","48065",3,7,6182,6005
"2557","48067",3,7,30464,30119
"2558","48069",3,7,8062,7665
"2559","48071",3,7,35096,42454
"2560","48073",3,7,50845,52592
"2561","48075",3,7,7041,7291
"2562","48077",3,7,10752,10456
"2563","48079",3,7,3127,2836
"2564","48081",3,7,3320,3370
"2565","48083",3,7,8895,8397
"2566","48085",3,7,782341,1005146
"2567","48087",3,7,3057,2962
"2568","48089",3,7,20874,21217
"2569","48091",3,7,108472,148373
"2570","48093",3,7,13974,13534
"2571","48095",3,7,4087,4276
"2572","48097",3,7,38437,40574
"2573","48099",3,7,75388,74808
"2574","48101",3,7,1505,1389
"2575","48103",3,7,4375,4794
"2576","48105",3,7,3719,3499
"2577","48107",3,7,6059,5779
"2578","48109",3,7,2398,2204
"2579","48111",3,7,6703,7200
"2580","48113",3,7,2368139,2637772
"2581","48115",3,7,13833,12619
"2582","48117",3,7,19372,18760
"2583","48119",3,7,5231,5349
"2584","48121",3,7,662614,859064
"2585","48123",3,7,20097,20187
"2586","48125",3,7,2444,2249
"2587","48127",3,7,9996,10308
"2588","48129",3,7,3677,3319
"2589","48131",3,7,11782,11212
"2590","48133",3,7,18583,18322
"2591","48135",3,7,137130,162124
"2592","48137",3,7,2002,1928
"2593","48139",3,7,149610,179436
"2594","48141",3,7,800647,840758
"2595","48143",3,7,37890,42446
"2596","48145",3,7,17866,17335
"2597","48147",3,7,33915,35286
"2598","48149",3,7,24554,25349
"2599","48151",3,7,3974,3839
"2600","48153",3,7,6446,5837
"2601","48155",3,7,1336,1200
"2602","48157",3,7,585375,787858
"2603","48159",3,7,10605,10766
"2604","48161",3,7,19816,19808
"2605","48163",3,7,17217,19816
"2606","48165",3,7,17526,20901
"2607","48167",3,7,291309,337890
"2608","48169",3,7,6461,6578
"2609","48171",3,7,24837,26804
"2610","48173",3,7,1226,1388
"2611","48175",3,7,7210,7584
"2612","48177",3,7,19807,20826
"2613","48179",3,7,22535,21895
"2614","48181",3,7,120877,133991
"2615","48183",3,7,121730,123707
"2616","48185",3,7,26604,28360
"2617","48187",3,7,131533,163694
"2618","48189",3,7,36273,33830
"2619","48191",3,7,3353,3028
"2620","48193",3,7,8517,8484
"2621","48195",3,7,5613,5463
"2622","48197",3,7,4139,3922
"2623","48199",3,7,54635,57207
"2624","48201",3,7,4092459,4698619
"2625","48203",3,7,65631,66726
"2626","48205",3,7,6062,5619
"2627","48207",3,7,5899,5813
"2628","48209",3,7,157107,222631
"2629","48211",3,7,3807,3825
"2630","48213",3,7,78532,82299
"2631","48215",3,7,774769,865939
"2632","48217",3,7,35089,36354
"2633","48219",3,7,22935,22980
"2634","48221",3,7,51182,60537
"2635","48223",3,7,35161,36810
"2636","48225",3,7,23732,23169
"2637","48227",3,7,35012,36459
"2638","48229",3,7,3476,4795
"2639","48231",3,7,86129,96493
"2640","48233",3,7,22150,21198
"2641","48235",3,7,1599,1522
"2642","48237",3,7,9044,8843
"2643","48239",3,7,14075,14874
"2644","48241",3,7,35710,35872
"2645","48243",3,7,2342,2252
"2646","48245",3,7,252273,255001
"2647","48247",3,7,5300,5248
"2648","48249",3,7,40838,40822
"2649","48251",3,7,150934,171361
"2650","48253",3,7,20202,19817
"2651","48255",3,7,14824,15650
"2652","48257",3,7,103350,128622
"2653","48259",3,7,33410,45641
"2654","48261",3,7,416,442
"2655","48263",3,7,808,726
"2656","48265",3,7,49625,52405
"2657","48267",3,7,4607,4362
"2658","48269",3,7,286,277
"2659","48271",3,7,3598,3767
"2660","48273",3,7,32061,31129
"2661","48275",3,7,3719,3653
"2662","48277",3,7,49793,49728
"2663","48279",3,7,13977,13158
"2664","48281",3,7,19677,21229
"2665","48283",3,7,6886,7531
"2666","48285",3,7,19263,20110
"2667","48287",3,7,16612,17144
"2668","48289",3,7,16801,17270
"2669","48291",3,7,75643,86323
"2670","48293",3,7,23384,23519
"2671","48295",3,7,3302,3355
"2672","48297",3,7,11531,12166
"2673","48299",3,7,19301,21646
"2674","48301",3,7,82,152
"2675","48303",3,7,278831,307412
"2676","48305",3,7,5915,5877
"2677","48307",3,7,8283,7987
"2678","48309",3,7,234906,254607
"2679","48311",3,7,707,749
"2680","48313",3,7,13664,14422
"2681","48315",3,7,10546,9928
"2682","48317",3,7,4799,5753
"2683","48319",3,7,4012,4280
"2684","48321",3,7,36702,36552
"2685","48323",3,7,54258,58485
"2686","48325",3,7,46006,50921
"2687","48327",3,7,2242,2139
"2688","48329",3,7,136872,172578
"2689","48331",3,7,24757,25131
"2690","48333",3,7,4936,4921
"2691","48335",3,7,9403,8145
"2692","48337",3,7,19719,19596
"2693","48339",3,7,455746,590925
"2694","48341",3,7,21904,21485
"2695","48343",3,7,12934,12339
"2696","48345",3,7,1210,1234
"2697","48347",3,7,64524,65711
"2698","48349",3,7,47735,49565
"2699","48351",3,7,14445,13746
"2700","48353",3,7,15216,14751
"2701","48355",3,7,340223,362265
"2702","48357",3,7,10223,9947
"2703","48359",3,7,2052,2131
"2704","48361",3,7,81837,83572
"2705","48363",3,7,28111,28875
"2706","48365",3,7,23796,23148
"2707","48367",3,7,116927,138371
"2708","48369",3,7,10269,9864
"2709","48371",3,7,15507,15673
"2710","48373",3,7,45413,50031
"2711","48375",3,7,121073,119648
"2712","48377",3,7,7818,6948
"2713","48379",3,7,10914,12159
"2714","48381",3,7,120725,136271
"2715","48383",3,7,3367,3741
"2716","48385",3,7,3309,3478
"2717","48387",3,7,12860,12175
"2718","48389",3,7,13783,15695
"2719","48391",3,7,7383,7032
"2720","48393",3,7,929,903
"2721","48395",3,7,16622,17284
"2722","48397",3,7,78337,100657
"2723","48399",3,7,10501,10234
"2724","48401",3,7,53330,54450
"2725","48403",3,7,10834,10589
"2726","48405",3,7,8865,8232
"2727","48407",3,7,26384,28719
"2728","48409",3,7,64804,66893
"2729","48411",3,7,6131,6054
"2730","48413",3,7,3461,2895
"2731","48415",3,7,16921,16866
"2732","48417",3,7,3378,3253
"2733","48419",3,7,25448,25418
"2734","48421",3,7,3034,3079
"2735","48423",3,7,209714,230221
"2736","48425",3,7,8490,9016
"2737","48427",3,7,60968,64525
"2738","48429",3,7,9630,9433
"2739","48431",3,7,1143,1311
"2740","48433",3,7,1490,1362
"2741","48435",3,7,4128,3758
"2742","48437",3,7,7854,7462
"2743","48439",3,7,1809034,2084931
"2744","48441",3,7,131506,137640
"2745","48443",3,7,984,823
"2746","48445",3,7,12651,12287
"2747","48447",3,7,1641,1515
"2748","48449",3,7,32334,33033
"2749","48451",3,7,110224,118189
"2750","48453",3,7,1024266,1248743
"2751","48455",3,7,14585,14740
"2752","48457",3,7,21766,21696
"2753","48459",3,7,39309,41260
"2754","48461",3,7,3355,3671
"2755","48463",3,7,26405,26846
"2756","48465",3,7,48879,49208
"2757","48467",3,7,52579,56019
"2758","48469",3,7,86793,92035
"2759","48471",3,7,67861,72480
"2760","48473",3,7,43205,53126
"2761","48475",3,7,10658,11720
"2762","48477",3,7,33718,35108
"2763","48479",3,7,250304,275910
"2764","48481",3,7,41280,41619
"2765","48483",3,7,5410,5191
"2766","48485",3,7,131500,132064
"2767","48487",3,7,13535,12820
"2768","48489",3,7,22134,21515
"2769","48491",3,7,422679,566719
"2770","48493",3,7,42918,50224
"2771","48495",3,7,7110,7720
"2772","48497",3,7,59127,68305
"2773","48499",3,7,41964,45129
"2774","48501",3,7,7879,8591
"2775","48503",3,7,18550,18045
"2776","48505",3,7,14018,14190
"2777","48507",3,7,11677,11983
"2778","49001",4,8,6629,6580
"2779","49003",4,8,49975,54950
"2780","49005",4,8,112656,127068
"2781","49007",4,8,21403,20269
"2782","49009",4,8,1059,980
"2783","49011",4,8,306479,351713
"2784","49013",4,8,18607,19964
"2785","49015",4,8,10976,10014
"2786","49017",4,8,5172,5080
"2787","49019",4,8,9225,9764
"2788","49021",4,8,46163,52775
"2789","49023",4,8,10246,11555
"2790","49025",4,8,7125,7709
"2791","49027",4,8,12503,13006
"2792","49029",4,8,9469,12045
"2793","49031",4,8,1556,1445
"2794","49033",4,8,2264,2464
"2795","49035",4,8,1029655,1152633
"2796","49037",4,8,14746,15449
"2797","49039",4,8,27822,30623
"2798","49041",4,8,20802,21539
"2799","49043",4,8,36324,41933
"2800","49045",4,8,58218,69907
"2801","49047",4,8,32588,35438
"2802","49049",4,8,516564,622213
"2803","49051",4,8,23530,33240
"2804","49053",4,8,138115,171700
"2805","49055",4,8,2778,2690
"2806","49057",4,8,231236,256359
"2807","50001",1,1,36821,36973
"2808","50003",1,1,37125,35631
"2809","50005",1,1,31227,30302
"2810","50007",1,1,156545,164572
"2811","50009",1,1,6306,6250
"2812","50011",1,1,47746,49421
"2813","50013",1,1,6970,7090
"2814","50015",1,1,24475,25300
"2815","50017",1,1,28936,28999
"2816","50019",1,1,27231,26907
"2817","50021",1,1,61642,58672
"2818","50023",1,1,59534,58140
"2819","50025",1,1,44513,42756
"2820","50027",1,1,56670,55286
"2821","51001",3,5,33164,32412
"2822","51003",3,5,98970,108718
"2823","51005",3,5,16250,14910
"2824","51007",3,5,12690,13013
"2825","51009",3,5,32353,31666
"2826","51011",3,5,14973,15841
"2827","51013",3,5,207627,237521
"2828","51015",3,5,73750,75457
"2829","51017",3,5,4731,4292
"2830","51019",3,5,68676,78747
"2831","51021",3,5,6824,6293
"2832","51023",3,5,33148,33277
"2833","51025",3,5,17434,16384
"2834","51027",3,5,24098,21221
"2835","51029",3,5,17146,16999
"2836","51031",3,5,54842,54973
"2837","51033",3,5,28545,30772
"2838","51035",3,5,30042,29636
"2839","51036",3,5,7256,6941
"2840","51037",3,5,12586,11938
"2841","51041",3,5,316236,348556
"2842","51043",3,5,14034,14523
"2843","51045",3,5,5190,5064
"2844","51047",3,5,46689,51859
"2845","51049",3,5,10052,9809
"2846","51051",3,5,15903,14523
"2847","51053",3,5,28001,28529
"2848","51057",3,5,11151,10919
"2849","51059",3,5,1081726,1150795
"2850","51061",3,5,65203,70675
"2851","51063",3,5,15279,15795
"2852","51065",3,5,25691,26783
"2853","51067",3,5,56159,56195
"2854","51069",3,5,78305,88355
"2855","51071",3,5,17286,16844
"2856","51073",3,5,36858,37349
"2857","51075",3,5,21717,23244
"2858","51077",3,5,15533,15631
"2859","51079",3,5,18403,19779
"2860","51081",3,5,12243,11627
"2861","51083",3,5,36241,34120
"2862","51085",3,5,99863,107239
"2863","51087",3,5,306935,329261
"2864","51089",3,5,54151,50953
"2865","51091",3,5,2321,2210
"2866","51093",3,5,35270,36953
"2867","51095",3,5,67009,76397
"2868","51097",3,5,6945,7042
"2869","51099",3,5,23584,26575
"2870","51101",3,5,15935,16939
"2871","51103",3,5,11391,10783
"2872","51105",3,5,25587,23541
"2873","51107",3,5,312311,406850
"2874","51109",3,5,33153,36778
"2875","51111",3,5,12914,12086
"2876","51113",3,5,13308,13295
"2877","51115",3,5,8978,8802
"2878","51117",3,5,32727,30650
"2879","51119",3,5,10959,10769
"2880","51121",3,5,94392,98985
"2881","51125",3,5,15020,14836
"2882","51127",3,5,18429,22391
"2883","51131",3,5,12389,11735
"2884","51133",3,5,12330,12147
"2885","51135",3,5,15853,15420
"2886","51137",3,5,33481,36644
"2887","51139",3,5,24042,23933
"2888","51141",3,5,18490,17673
"2889","51143",3,5,63506,60949
"2890","51145",3,5,28046,29189
"2891","51147",3,5,23368,22950
"2892","51149",3,5,35725,38082
"2893","51153",3,5,402002,468011
"2894","51155",3,5,34872,34066
"2895","51157",3,5,7373,7252
"2896","51159",3,5,9254,9038
"2897","51161",3,5,92376,94073
"2898","51163",3,5,22307,22752
"2899","51165",3,5,76314,81244
"2900","51167",3,5,28897,26748
"2901","51169",3,5,23177,21534
"2902","51171",3,5,41993,43497
"2903","51173",3,5,32208,30472
"2904","51175",3,5,18570,17586
"2905","51177",3,5,122397,134238
"2906","51179",3,5,128961,149960
"2907","51181",3,5,7058,6474
"2908","51183",3,5,12087,11237
"2909","51185",3,5,45078,40855
"2910","51187",3,5,37575,40003
"2911","51191",3,5,54876,54402
"2912","51193",3,5,17454,17830
"2913","51195",3,5,41452,38012
"2914","51197",3,5,29235,28754
"2915","51199",3,5,65464,67846
"2916","51510",3,5,139966,160530
"2917","51520",3,5,17835,16482
"2918","51530",3,5,6650,6237
"2919","51540",3,5,43475,48117
"2920","51550",3,5,222209,242634
"2921","51570",3,5,17411,17833
"2922","51580",3,5,5961,5460
"2923","51590",3,5,43055,40693
"2924","51595",3,5,5927,5121
"2925","51600",3,5,22565,24574
"2926","51610",3,5,12332,14772
"2927","51620",3,5,8582,8013
"2928","51630",3,5,24286,29144
"2929","51640",3,5,7042,6423
"2930","51650",3,5,137436,134313
"2931","51660",3,5,48914,54033
"2932","51670",3,5,22591,22596
"2933","51678",3,5,7042,7136
"2934","51680",3,5,75568,82126
"2935","51683",3,5,37821,41641
"2936","51685",3,5,14273,17307
"2937","51690",3,5,13821,12902
"2938","51700",3,5,180719,178626
"2939","51710",3,5,242803,244076
"2940","51720",3,5,3958,3968
"2941","51730",3,5,32420,31567
"2942","51735",3,5,12150,12190
"2943","51740",3,5,95535,94632
"2944","51750",3,5,16408,18339
"2945","51760",3,5,204214,228783
"2946","51770",3,5,97032,99920
"2947","51775",3,5,24802,25643
"2948","51790",3,5,23746,24922
"2949","51800",3,5,84585,91185
"2950","51810",3,5,437994,450189
"2951","51820",3,5,21006,22628
"2952","51830",3,5,14068,14896
"2953","51840",3,5,26203,28108
"2954","53001",4,9,18728,19759
"2955","53003",4,9,21623,22610
"2956","53005",4,9,175177,201877
"2957","53007",4,9,72453,77036
"2958","53009",4,9,71404,76737
"2959","53011",4,9,425363,481857
"2960","53013",4,9,4078,4059
"2961","53015",4,9,102410,108987
"2962","53017",4,9,38431,42907
"2963","53019",4,9,7551,7649
"2964","53021",4,9,78163,94347
"2965","53023",4,9,2266,2247
"2966","53025",4,9,89120,97331
"2967","53027",4,9,72797,73901
"2968","53029",4,9,78506,84460
"2969","53031",4,9,29872,31729
"2970","53033",4,9,1931249,2233163
"2971","53035",4,9,251133,269805
"2972","53037",4,9,40915,47364
"2973","53039",4,9,20318,22107
"2974","53041",4,9,75455,79604
"2975","53043",4,9,10570,10740
"2976","53045",4,9,60699,65507
"2977","53047",4,9,41120,42132
"2978","53049",4,9,20920,22036
"2979","53051",4,9,13001,13602
"2980","53053",4,9,795225,891299
"2981","53055",4,9,15769,17128
"2982","53057",4,9,116901,128206
"2983","53059",4,9,11066,11924
"2984","53061",4,9,713335,814901
"2985","53063",4,9,471221,514631
"2986","53065",4,9,43531,45260
"2987","53067",4,9,252264,286419
"2988","53069",4,9,3978,4426
"2989","53071",4,9,58781,60922
"2990","53073",4,9,201140,225685
"2991","53075",4,9,44776,49791
"2992","53077",4,9,243231,251446
"2993","54001",3,5,16589,16535
"2994","54003",3,5,104169,117123
"2995","54005",3,5,24629,21951
"2996","54007",3,5,14523,14089
"2997","54009",3,5,24069,22203
"2998","54011",3,5,96319,93224
"2999","54013",3,5,7627,7254
"3000","54015",3,5,9386,8632
"3001","54017",3,5,8202,8406
"3002","54019",3,5,46039,43018
"3003","54021",3,5,8693,8026
"3004","54023",3,5,11937,11626
"3005","54025",3,5,35480,34786
"3006","54027",3,5,23964,23347
"3007","54029",3,5,30676,29094
"3008","54031",3,5,14025,13775
"3009","54033",3,5,69099,67554
"3010","54035",3,5,29211,28706
"3011","54037",3,5,53498,56811
"3012","54039",3,5,193063,180454
"3013","54041",3,5,16372,16024
"3014","54043",3,5,21720,20599
"3015","54045",3,5,36743,32607
"3016","54047",3,5,22113,18223
"3017","54049",3,5,56418,56097
"3018","54051",3,5,33107,30785
"3019","54053",3,5,27324,26718
"3020","54055",3,5,62264,59131
"3021","54057",3,5,28212,26940
"3022","54059",3,5,26839,23785
"3023","54061",3,5,96189,106420
"3024","54063",3,5,13502,13280
"3025","54065",3,5,17541,17787
"3026","54067",3,5,26233,24842
"3027","54069",3,5,44443,41755
"3028","54071",3,5,7695,6997
"3029","54073",3,5,7605,7507
"3030","54075",3,5,8719,8414
"3031","54077",3,5,33520,33839
"3032","54079",3,5,55486,56682
"3033","54081",3,5,78859,74254
"3034","54083",3,5,29405,28823
"3035","54085",3,5,10449,9721
"3036","54087",3,5,14926,13932
"3037","54089",3,5,13927,12760
"3038","54091",3,5,16895,16862
"3039","54093",3,5,7141,6955
"3040","54095",3,5,9208,8746
"3041","54097",3,5,24254,24415
"3042","54099",3,5,42481,39944
"3043","54101",3,5,9154,8285
"3044","54103",3,5,16583,15270
"3045","54105",3,5,5717,5830
"3046","54107",3,5,86956,84203
"3047","54109",3,5,23796,20786
"3048","55001",2,3,20875,20348
"3049","55003",2,3,16157,15600
"3050","55005",2,3,45870,45164
"3051","55007",2,3,15014,15042
"3052","55009",2,3,248007,263378
"3053","55011",2,3,13587,13125
"3054","55013",2,3,15457,15392
"3055","55015",2,3,48971,50159
"3056","55017",2,3,62415,64135
"3057","55019",2,3,34690,34709
"3058","55021",2,3,56833,57358
"3059","55023",2,3,16644,16291
"3060","55025",2,3,488073,542364
"3061","55027",2,3,88759,87847
"3062","55029",2,3,27785,27610
"3063","55031",2,3,44159,43208
"3064","55033",2,3,43857,45131
"3065","55035",2,3,98736,104534
"3066","55037",2,3,4423,4321
"3067","55039",2,3,101633,103066
"3068","55041",2,3,9304,8991
"3069","55043",2,3,51208,51554
"3070","55045",2,3,36842,36929
"3071","55047",2,3,19051,18918
"3072","55049",2,3,23687,23771
"3073","55051",2,3,5916,5676
"3074","55053",2,3,20449,20478
"3075","55055",2,3,83686,85129
"3076","55057",2,3,26664,26617
"3077","55059",2,3,166426,169290
"3078","55061",2,3,20574,20383
"3079","55063",2,3,114638,118230
"3080","55065",2,3,16836,16665
"3081","55067",2,3,19977,19268
"3082","55069",2,3,28743,27689
"3083","55071",2,3,81442,79074
"3084","55073",2,3,134063,135428
"3085","55075",2,3,41749,40434
"3086","55077",2,3,15404,15434
"3087","55078",2,3,4232,4658
"3088","55079",2,3,947735,948201
"3089","55081",2,3,44673,46051
"3090","55083",2,3,37660,37830
"3091","55085",2,3,35998,35470
"3092","55087",2,3,176695,187365
"3093","55089",2,3,86395,89147
"3094","55091",2,3,7469,7289
"3095","55093",2,3,41019,42555
"3096","55095",2,3,44205,43598
"3097","55097",2,3,70019,70942
"3098","55099",2,3,14159,13397
"3099","55101",2,3,195408,196584
"3100","55103",2,3,18021,17377
"3101","55105",2,3,160331,163129
"3102","55107",2,3,14755,14147
"3103","55109",2,3,84345,89694
"3104","55111",2,3,61976,64249
"3105","55113",2,3,16557,16489
"3106","55115",2,3,41949,40796
"3107","55117",2,3,115507,115456
"3108","55119",2,3,20689,20412
"3109","55121",2,3,28816,29442
"3110","55123",2,3,29773,30785
"3111","55125",2,3,21430,21938
"3112","55127",2,3,102228,103718
"3113","55129",2,3,15911,15878
"3114","55131",2,3,131887,135693
"3115","55133",2,3,389891,403072
"3116","55135",2,3,52410,51128
"3117","55137",2,3,24496,24263
"3118","55139",2,3,166994,171020
"3119","55141",2,3,74749,73055
"3120","56001",4,8,36299,38601
"3121","56003",4,8,11668,11881
"3122","56005",4,8,46133,46140
"3123","56007",4,8,15885,14971
"3124","56009",4,8,13833,13640
"3125","56011",4,8,7083,7450
"3126","56013",4,8,40123,39531
"3127","56015",4,8,13249,13376
"3128","56017",4,8,4812,4555
"3129","56019",4,8,8569,8460
"3130","56021",4,8,91738,98976
"3131","56023",4,8,18106,19434
"3132","56025",4,8,75450,79115
"3133","56027",4,8,2484,2388
"3134","56029",4,8,28205,29324
"3135","56031",4,8,8667,8566
"3136","56033",4,8,29116,30233
"3137","56035",4,8,10247,9813
"3138","56037",4,8,43806,43051
"3139","56039",4,8,21294,23081
"3140","56041",4,8,21118,20299
"3141","56043",4,8,8533,7885
"3142","56045",4,8,7208,6967
